"","X.16","X.15","X.14","X.13","X.12","X.11","X.10","X.9","X.8","X.7","X.6","X.5","X.4","X.3","X.2","X.1","X","srvy","common_name","species_code","filter_lat_lt","filter_lat_gt","filter_depth","model_fn","model_family","model_anisotropy","model_spatiotemporal","file_name","effort","term","estimate","std.error","conf.low","conf.high","X.17"
"1",1,1,1,1,1,1,1,1,1,1,1,1,1,1,1,1,1,"AI","flathead sole",10130,NA,NA,NA,"total_catch_wt_kg ~ 0 + factor(year)","delta_gamma",TRUE,"iid, iid","flathead_sole","08_3","range",0.501200119088302,NA,NA,NA,NA
"2",2,2,2,2,2,2,2,2,2,2,2,2,2,2,2,2,2,"AI","flathead sole",10130,NA,NA,NA,"total_catch_wt_kg ~ 0 + factor(year)","delta_gamma",TRUE,"iid, iid","flathead_sole","08_3","sigma_O",0.481116858500426,NA,NA,NA,NA
"3",3,3,3,3,3,3,3,3,3,3,3,3,3,3,3,3,3,"AI","flathead sole",10130,NA,NA,NA,"total_catch_wt_kg ~ 0 + factor(year)","delta_gamma",TRUE,"iid, iid","flathead_sole","08_3","sigma_E",0.223746316743324,187.621609922193,0,Inf,NA
"4",4,4,4,4,4,4,4,4,4,4,4,4,4,4,4,4,NA,"AI","flathead sole",10130,NA,NA,NA,"total_catch_wt_kg ~ 0 + factor(year)","delta_gamma",TRUE,"iid, iid","flathead_sole","1_1","range",2.82606511972872,NA,NA,NA,NA
"5",5,5,5,5,5,5,5,5,5,5,5,5,5,5,5,5,NA,"AI","flathead sole",10130,NA,NA,NA,"total_catch_wt_kg ~ 0 + factor(year)","delta_gamma",TRUE,"iid, iid","flathead_sole","1_1","sigma_O",0.281743653618377,NA,NA,NA,NA
"6",6,6,6,6,6,6,6,6,6,6,6,6,6,6,6,6,NA,"AI","flathead sole",10130,NA,NA,NA,"total_catch_wt_kg ~ 0 + factor(year)","delta_gamma",TRUE,"iid, iid","flathead_sole","1_1","sigma_E",0.281744144512887,NA,NA,NA,NA
"7",7,7,7,7,7,7,7,7,7,7,7,7,7,7,7,NA,NA,"AI","flathead sole",10130,NA,NA,NA,"total_catch_wt_kg ~ 0 + factor(year)","delta_gamma",TRUE,"iid, iid","flathead_sole","08_3","range",0.501200119088302,NA,NA,NA,NA
"8",8,8,8,8,8,8,8,8,8,8,8,8,8,8,8,NA,NA,"AI","flathead sole",10130,NA,NA,NA,"total_catch_wt_kg ~ 0 + factor(year)","delta_gamma",TRUE,"iid, iid","flathead_sole","08_3","sigma_O",0.481116858500426,NA,NA,NA,NA
"9",9,9,9,9,9,9,9,9,9,9,9,9,9,9,9,NA,NA,"AI","flathead sole",10130,NA,NA,NA,"total_catch_wt_kg ~ 0 + factor(year)","delta_gamma",TRUE,"iid, iid","flathead_sole","08_3","sigma_E",0.223746316743324,187.621609922193,0,Inf,NA
"10",10,10,10,10,10,10,10,10,10,10,10,10,10,10,NA,NA,NA,"AI","flathead sole",10130,NA,NA,NA,"total_catch_wt_kg ~ 0 + factor(year)","delta_gamma",TRUE,"iid, iid","flathead_sole","1_1","range",2.82606511972872,NA,NA,NA,NA
"11",11,11,11,11,11,11,11,11,11,11,11,11,11,11,NA,NA,NA,"AI","flathead sole",10130,NA,NA,NA,"total_catch_wt_kg ~ 0 + factor(year)","delta_gamma",TRUE,"iid, iid","flathead_sole","1_1","sigma_O",0.281743653618377,NA,NA,NA,NA
"12",12,12,12,12,12,12,12,12,12,12,12,12,12,12,NA,NA,NA,"AI","flathead sole",10130,NA,NA,NA,"total_catch_wt_kg ~ 0 + factor(year)","delta_gamma",TRUE,"iid, iid","flathead_sole","1_1","sigma_E",0.281744144512887,NA,NA,NA,NA
"13",13,13,13,13,13,13,13,13,13,13,13,13,13,NA,NA,NA,NA,"AI","flathead sole",10130,NA,NA,NA,"total_catch_wt_kg ~ 0 + factor(year)","delta_gamma",TRUE,"iid, iid","flathead_sole","02_1","range",2.81921400129538,2292.43643119734,0,Inf,NA
"14",14,14,14,14,14,14,14,14,14,14,14,14,14,NA,NA,NA,NA,"AI","flathead sole",10130,NA,NA,NA,"total_catch_wt_kg ~ 0 + factor(year)","delta_gamma",TRUE,"iid, iid","flathead_sole","02_1","sigma_O",0.280702681651002,234.329616957982,0,Inf,NA
"15",15,15,15,15,15,15,15,15,15,15,15,15,15,NA,NA,NA,NA,"AI","flathead sole",10130,NA,NA,NA,"total_catch_wt_kg ~ 0 + factor(year)","delta_gamma",TRUE,"iid, iid","flathead_sole","02_1","sigma_E",0.280587591183267,229.194080019201,0,Inf,NA
"16",16,16,16,16,16,16,16,16,16,16,16,16,NA,NA,NA,NA,NA,"AI","flathead sole",10130,NA,NA,NA,"total_catch_wt_kg ~ 0 + factor(year)","delta_gamma",TRUE,"iid, iid","flathead_sole","02_2","range",2.78723606389322,NA,NA,NA,NA
"17",17,17,17,17,17,17,17,17,17,17,17,17,NA,NA,NA,NA,NA,"AI","flathead sole",10130,NA,NA,NA,"total_catch_wt_kg ~ 0 + factor(year)","delta_gamma",TRUE,"iid, iid","flathead_sole","02_2","sigma_O",0.292975990487929,NA,NA,NA,NA
"18",18,18,18,18,18,18,18,18,18,18,18,18,NA,NA,NA,NA,NA,"AI","flathead sole",10130,NA,NA,NA,"total_catch_wt_kg ~ 0 + factor(year)","delta_gamma",TRUE,"iid, iid","flathead_sole","02_2","sigma_E",0.277322244825287,NA,NA,NA,NA
"19",19,19,19,19,19,19,19,19,19,19,19,NA,NA,NA,NA,NA,NA,"AI","flathead sole",10130,NA,NA,NA,"total_catch_wt_kg ~ 0 + factor(year)","delta_gamma",TRUE,"iid, iid","flathead_sole","02_3","range",2.82817529439505,NA,NA,NA,NA
"20",20,20,20,20,20,20,20,20,20,20,20,NA,NA,NA,NA,NA,NA,"AI","flathead sole",10130,NA,NA,NA,"total_catch_wt_kg ~ 0 + factor(year)","delta_gamma",TRUE,"iid, iid","flathead_sole","02_3","sigma_O",0.282056963630113,NA,NA,NA,NA
"21",21,21,21,21,21,21,21,21,21,21,21,NA,NA,NA,NA,NA,NA,"AI","flathead sole",10130,NA,NA,NA,"total_catch_wt_kg ~ 0 + factor(year)","delta_gamma",TRUE,"iid, iid","flathead_sole","02_3","sigma_E",0.282056261900919,NA,NA,NA,NA
"22",22,22,22,22,22,22,22,22,22,22,NA,NA,NA,NA,NA,NA,NA,"AI","flathead sole",10130,NA,NA,NA,"total_catch_wt_kg ~ 0 + factor(year)","delta_gamma",TRUE,"iid, iid","flathead_sole","04_1","range",2.81841543715999,NA,NA,NA,NA
"23",23,23,23,23,23,23,23,23,23,23,NA,NA,NA,NA,NA,NA,NA,"AI","flathead sole",10130,NA,NA,NA,"total_catch_wt_kg ~ 0 + factor(year)","delta_gamma",TRUE,"iid, iid","flathead_sole","04_1","sigma_O",0.280591319075507,NA,NA,NA,NA
"24",24,24,24,24,24,24,24,24,24,24,NA,NA,NA,NA,NA,NA,NA,"AI","flathead sole",10130,NA,NA,NA,"total_catch_wt_kg ~ 0 + factor(year)","delta_gamma",TRUE,"iid, iid","flathead_sole","04_1","sigma_E",0.280457050113819,NA,NA,NA,NA
"25",25,25,25,25,25,25,25,25,25,NA,NA,NA,NA,NA,NA,NA,NA,"AI","flathead sole",10130,NA,NA,NA,"total_catch_wt_kg ~ 0 + factor(year)","delta_gamma",TRUE,"iid, iid","flathead_sole","04_2","range",1.91662254299807,1330.18872672779,0,Inf,NA
"26",26,26,26,26,26,26,26,26,26,NA,NA,NA,NA,NA,NA,NA,NA,"AI","flathead sole",10130,NA,NA,NA,"total_catch_wt_kg ~ 0 + factor(year)","delta_gamma",TRUE,"iid, iid","flathead_sole","04_2","sigma_O",0.229450320075127,201.940996145956,0,Inf,NA
"27",27,27,27,27,27,27,27,27,27,NA,NA,NA,NA,NA,NA,NA,NA,"AI","flathead sole",10130,NA,NA,NA,"total_catch_wt_kg ~ 0 + factor(year)","delta_gamma",TRUE,"iid, iid","flathead_sole","04_2","sigma_E",0.19018440381662,126.738824486821,0,Inf,NA
"28",28,28,28,28,28,28,28,28,NA,NA,NA,NA,NA,NA,NA,NA,NA,"AI","flathead sole",10130,NA,NA,NA,"total_catch_wt_kg ~ 0 + factor(year)","delta_gamma",TRUE,"iid, iid","flathead_sole","04_3","range",2.75910968918399,1862.41541339054,0,Inf,NA
"29",29,29,29,29,29,29,29,29,NA,NA,NA,NA,NA,NA,NA,NA,NA,"AI","flathead sole",10130,NA,NA,NA,"total_catch_wt_kg ~ 0 + factor(year)","delta_gamma",TRUE,"iid, iid","flathead_sole","04_3","sigma_O",0.281474966291859,189.706790115946,0,Inf,NA
"30",30,30,30,30,30,30,30,30,NA,NA,NA,NA,NA,NA,NA,NA,NA,"AI","flathead sole",10130,NA,NA,NA,"total_catch_wt_kg ~ 0 + factor(year)","delta_gamma",TRUE,"iid, iid","flathead_sole","04_3","sigma_E",0.275214659675778,185.774600399294,0,Inf,NA
"31",31,31,31,31,31,31,31,NA,NA,NA,NA,NA,NA,NA,NA,NA,NA,"AI","flathead sole",10130,NA,NA,NA,"total_catch_wt_kg ~ 0 + factor(year)","delta_gamma",TRUE,"iid, iid","flathead_sole","06_1","range",1.57087062075668,473.580311201856,3.79334408269039e-257,6.50516919468641e+256,NA
"32",32,32,32,32,32,32,32,NA,NA,NA,NA,NA,NA,NA,NA,NA,NA,"AI","flathead sole",10130,NA,NA,NA,"total_catch_wt_kg ~ 0 + factor(year)","delta_gamma",TRUE,"iid, iid","flathead_sole","06_1","sigma_O",0.21967055315936,171.670755788625,0,Inf,NA
"33",33,33,33,33,33,33,33,NA,NA,NA,NA,NA,NA,NA,NA,NA,NA,"AI","flathead sole",10130,NA,NA,NA,"total_catch_wt_kg ~ 0 + factor(year)","delta_gamma",TRUE,"iid, iid","flathead_sole","06_1","sigma_E",0.153039108390913,50.4399540639112,4.349403865676e-282,5.38486869014781e+279,NA
"34",34,34,34,34,34,34,NA,NA,NA,NA,NA,NA,NA,NA,NA,NA,NA,"AI","flathead sole",10130,NA,NA,NA,"total_catch_wt_kg ~ 0 + factor(year)","delta_gamma",TRUE,"iid, iid","flathead_sole","06_2","range",4.93837728824874,1793.09896576444,4.2340471467377e-309,Inf,NA
"35",35,35,35,35,35,35,NA,NA,NA,NA,NA,NA,NA,NA,NA,NA,NA,"AI","flathead sole",10130,NA,NA,NA,"total_catch_wt_kg ~ 0 + factor(year)","delta_gamma",TRUE,"iid, iid","flathead_sole","06_2","sigma_O",0.583696308768102,209.189718749179,5.07946295608651e-306,6.70742918719962e+304,NA
"36",36,36,36,36,36,36,NA,NA,NA,NA,NA,NA,NA,NA,NA,NA,NA,"AI","flathead sole",10130,NA,NA,NA,"total_catch_wt_kg ~ 0 + factor(year)","delta_gamma",TRUE,"iid, iid","flathead_sole","06_2","sigma_E",0.495252976001597,179.483600191576,1.63172717152951e-309,1.50316495623784e+308,NA
"37",37,37,37,37,37,NA,NA,NA,NA,NA,NA,NA,NA,NA,NA,NA,NA,"AI","flathead sole",10130,NA,NA,NA,"total_catch_wt_kg ~ 0 + factor(year)","delta_gamma",TRUE,"iid, iid","flathead_sole","06_3","range",1.44429750740454,NA,NA,NA,NA
"38",38,38,38,38,38,NA,NA,NA,NA,NA,NA,NA,NA,NA,NA,NA,NA,"AI","flathead sole",10130,NA,NA,NA,"total_catch_wt_kg ~ 0 + factor(year)","delta_gamma",TRUE,"iid, iid","flathead_sole","06_3","sigma_O",0.186955442474673,NA,NA,NA,NA
"39",39,39,39,39,39,NA,NA,NA,NA,NA,NA,NA,NA,NA,NA,NA,NA,"AI","flathead sole",10130,NA,NA,NA,"total_catch_wt_kg ~ 0 + factor(year)","delta_gamma",TRUE,"iid, iid","flathead_sole","06_3","sigma_E",0.151437748122944,NA,NA,NA,NA
"40",40,40,40,40,NA,NA,NA,NA,NA,NA,NA,NA,NA,NA,NA,NA,NA,"AI","flathead sole",10130,NA,NA,NA,"total_catch_wt_kg ~ 0 + factor(year)","delta_gamma",TRUE,"iid, iid","flathead_sole","08_1","range",1.69406835670974,NA,NA,NA,NA
"41",41,41,41,41,NA,NA,NA,NA,NA,NA,NA,NA,NA,NA,NA,NA,NA,"AI","flathead sole",10130,NA,NA,NA,"total_catch_wt_kg ~ 0 + factor(year)","delta_gamma",TRUE,"iid, iid","flathead_sole","08_1","sigma_O",0.239578957858681,91.334771080437,0,Inf,NA
"42",42,42,42,42,NA,NA,NA,NA,NA,NA,NA,NA,NA,NA,NA,NA,NA,"AI","flathead sole",10130,NA,NA,NA,"total_catch_wt_kg ~ 0 + factor(year)","delta_gamma",TRUE,"iid, iid","flathead_sole","08_1","sigma_E",0.18527006454179,NA,NA,NA,NA
"43",43,43,43,NA,NA,NA,NA,NA,NA,NA,NA,NA,NA,NA,NA,NA,NA,"AI","flathead sole",10130,NA,NA,NA,"total_catch_wt_kg ~ 0 + factor(year)","delta_gamma",TRUE,"iid, iid","flathead_sole","08_2","range",1.49045129103671,2612.71082994832,0,Inf,NA
"44",44,44,44,NA,NA,NA,NA,NA,NA,NA,NA,NA,NA,NA,NA,NA,NA,"AI","flathead sole",10130,NA,NA,NA,"total_catch_wt_kg ~ 0 + factor(year)","delta_gamma",TRUE,"iid, iid","flathead_sole","08_2","sigma_O",0.233384078352584,199.425986879653,0,Inf,NA
"45",45,45,45,NA,NA,NA,NA,NA,NA,NA,NA,NA,NA,NA,NA,NA,NA,"AI","flathead sole",10130,NA,NA,NA,"total_catch_wt_kg ~ 0 + factor(year)","delta_gamma",TRUE,"iid, iid","flathead_sole","08_2","sigma_E",0.16284154990709,283.378159233618,0,Inf,NA
"46",46,46,NA,NA,NA,NA,NA,NA,NA,NA,NA,NA,NA,NA,NA,NA,NA,"AI","flathead sole",10130,NA,NA,NA,"total_catch_wt_kg ~ 0 + factor(year)","delta_gamma",TRUE,"iid, iid","flathead_sole","08_3","range",2.10717501819583,837.363329808028,0,Inf,NA
"47",47,47,NA,NA,NA,NA,NA,NA,NA,NA,NA,NA,NA,NA,NA,NA,NA,"AI","flathead sole",10130,NA,NA,NA,"total_catch_wt_kg ~ 0 + factor(year)","delta_gamma",TRUE,"iid, iid","flathead_sole","08_3","sigma_O",0.328133224070423,149.068827637337,0,Inf,NA
"48",48,48,NA,NA,NA,NA,NA,NA,NA,NA,NA,NA,NA,NA,NA,NA,NA,"AI","flathead sole",10130,NA,NA,NA,"total_catch_wt_kg ~ 0 + factor(year)","delta_gamma",TRUE,"iid, iid","flathead_sole","08_3","sigma_E",0.188163915157958,73.966154459636,0,Inf,NA
"49",49,NA,NA,NA,NA,NA,NA,NA,NA,NA,NA,NA,NA,NA,NA,NA,NA,"AI","flathead sole",10130,NA,NA,NA,"total_catch_wt_kg ~ 0 + factor(year)","delta_gamma",TRUE,"iid, iid","flathead_sole","1_1","range",2.67420753088902,1484.65882935586,0,Inf,NA
"50",50,NA,NA,NA,NA,NA,NA,NA,NA,NA,NA,NA,NA,NA,NA,NA,NA,"AI","flathead sole",10130,NA,NA,NA,"total_catch_wt_kg ~ 0 + factor(year)","delta_gamma",TRUE,"iid, iid","flathead_sole","1_1","sigma_O",0.341398680160351,239.088247145144,0,Inf,NA
"51",51,NA,NA,NA,NA,NA,NA,NA,NA,NA,NA,NA,NA,NA,NA,NA,NA,"AI","flathead sole",10130,NA,NA,NA,"total_catch_wt_kg ~ 0 + factor(year)","delta_gamma",TRUE,"iid, iid","flathead_sole","1_1","sigma_E",0.262071854254475,137.874734239624,0,Inf,NA
"52",1,1,1,1,1,1,1,1,1,1,1,1,1,1,1,1,1,"AI","northern rockfish",30420,NA,NA,NA,"total_catch_wt_kg ~ 0 + factor(year)","delta_gamma",TRUE,"iid, iid","northern_rockfish","08_3","range",2.83209025005233,NA,NA,NA,NA
"53",2,2,2,2,2,2,2,2,2,2,2,2,2,2,2,2,2,"AI","northern rockfish",30420,NA,NA,NA,"total_catch_wt_kg ~ 0 + factor(year)","delta_gamma",TRUE,"iid, iid","northern_rockfish","08_3","sigma_O",0.281998770015652,NA,NA,NA,NA
"54",3,3,3,3,3,3,3,3,3,3,3,3,3,3,3,3,3,"AI","northern rockfish",30420,NA,NA,NA,"total_catch_wt_kg ~ 0 + factor(year)","delta_gamma",TRUE,"iid, iid","northern_rockfish","08_3","sigma_E",0.272745258770302,NA,NA,NA,NA
"55",4,4,4,4,4,4,4,4,4,4,4,4,4,4,4,4,NA,"AI","northern rockfish",30420,NA,NA,NA,"total_catch_wt_kg ~ 0 + factor(year)","delta_gamma",TRUE,"iid, iid","northern_rockfish","1_1","range",2.82841149102831,2887.20143213687,0,Inf,NA
"56",5,5,5,5,5,5,5,5,5,5,5,5,5,5,5,5,NA,"AI","northern rockfish",30420,NA,NA,NA,"total_catch_wt_kg ~ 0 + factor(year)","delta_gamma",TRUE,"iid, iid","northern_rockfish","1_1","sigma_O",0.28209245482982,415.903820318745,0,Inf,NA
"57",6,6,6,6,6,6,6,6,6,6,6,6,6,6,6,6,NA,"AI","northern rockfish",30420,NA,NA,NA,"total_catch_wt_kg ~ 0 + factor(year)","delta_gamma",TRUE,"iid, iid","northern_rockfish","1_1","sigma_E",0.282092455585595,378.160162702866,0,Inf,NA
"58",7,7,7,7,7,7,7,7,7,7,7,7,7,7,7,NA,NA,"AI","northern rockfish",30420,NA,NA,NA,"total_catch_wt_kg ~ 0 + factor(year)","delta_gamma",TRUE,"iid, iid","northern_rockfish","08_3","range",2.83209025005233,NA,NA,NA,NA
"59",8,8,8,8,8,8,8,8,8,8,8,8,8,8,8,NA,NA,"AI","northern rockfish",30420,NA,NA,NA,"total_catch_wt_kg ~ 0 + factor(year)","delta_gamma",TRUE,"iid, iid","northern_rockfish","08_3","sigma_O",0.281998770015652,NA,NA,NA,NA
"60",9,9,9,9,9,9,9,9,9,9,9,9,9,9,9,NA,NA,"AI","northern rockfish",30420,NA,NA,NA,"total_catch_wt_kg ~ 0 + factor(year)","delta_gamma",TRUE,"iid, iid","northern_rockfish","08_3","sigma_E",0.272745258770302,NA,NA,NA,NA
"61",10,10,10,10,10,10,10,10,10,10,10,10,10,10,NA,NA,NA,"AI","northern rockfish",30420,NA,NA,NA,"total_catch_wt_kg ~ 0 + factor(year)","delta_gamma",TRUE,"iid, iid","northern_rockfish","1_1","range",2.82841149102831,2887.20143213687,0,Inf,NA
"62",11,11,11,11,11,11,11,11,11,11,11,11,11,11,NA,NA,NA,"AI","northern rockfish",30420,NA,NA,NA,"total_catch_wt_kg ~ 0 + factor(year)","delta_gamma",TRUE,"iid, iid","northern_rockfish","1_1","sigma_O",0.28209245482982,415.903820318745,0,Inf,NA
"63",12,12,12,12,12,12,12,12,12,12,12,12,12,12,NA,NA,NA,"AI","northern rockfish",30420,NA,NA,NA,"total_catch_wt_kg ~ 0 + factor(year)","delta_gamma",TRUE,"iid, iid","northern_rockfish","1_1","sigma_E",0.282092455585595,378.160162702866,0,Inf,NA
"64",13,13,13,13,13,13,13,13,13,13,13,13,13,NA,NA,NA,NA,"AI","northern rockfish",30420,NA,NA,NA,"total_catch_wt_kg ~ 0 + factor(year)","delta_gamma",TRUE,"iid, iid","northern_rockfish","02_1","range",2.5243357494432,NA,NA,NA,NA
"65",14,14,14,14,14,14,14,14,14,14,14,14,14,NA,NA,NA,NA,"AI","northern rockfish",30420,NA,NA,NA,"total_catch_wt_kg ~ 0 + factor(year)","delta_gamma",TRUE,"iid, iid","northern_rockfish","02_1","sigma_O",0.263468597402708,NA,NA,NA,NA
"66",15,15,15,15,15,15,15,15,15,15,15,15,15,NA,NA,NA,NA,"AI","northern rockfish",30420,NA,NA,NA,"total_catch_wt_kg ~ 0 + factor(year)","delta_gamma",TRUE,"iid, iid","northern_rockfish","02_1","sigma_E",0.249655093383772,NA,NA,NA,NA
"67",16,16,16,16,16,16,16,16,16,16,16,16,NA,NA,NA,NA,NA,"AI","northern rockfish",30420,NA,NA,NA,"total_catch_wt_kg ~ 0 + factor(year)","delta_gamma",TRUE,"iid, iid","northern_rockfish","02_2","range",1.63949015346211,1520.65300101878,0,Inf,NA
"68",17,17,17,17,17,17,17,17,17,17,17,17,NA,NA,NA,NA,NA,"AI","northern rockfish",30420,NA,NA,NA,"total_catch_wt_kg ~ 0 + factor(year)","delta_gamma",TRUE,"iid, iid","northern_rockfish","02_2","sigma_O",0.164312705504558,148.648416519265,0,Inf,NA
"69",18,18,18,18,18,18,18,18,18,18,18,18,NA,NA,NA,NA,NA,"AI","northern rockfish",30420,NA,NA,NA,"total_catch_wt_kg ~ 0 + factor(year)","delta_gamma",TRUE,"iid, iid","northern_rockfish","02_2","sigma_E",0.161464365073578,149.66598955293,0,Inf,NA
"70",19,19,19,19,19,19,19,19,19,19,19,NA,NA,NA,NA,NA,NA,"AI","northern rockfish",30420,NA,NA,NA,"total_catch_wt_kg ~ 0 + factor(year)","delta_gamma",TRUE,"iid, iid","northern_rockfish","02_3","range",2.53385941464662,NA,NA,NA,NA
"71",20,20,20,20,20,20,20,20,20,20,20,NA,NA,NA,NA,NA,NA,"AI","northern rockfish",30420,NA,NA,NA,"total_catch_wt_kg ~ 0 + factor(year)","delta_gamma",TRUE,"iid, iid","northern_rockfish","02_3","sigma_O",0.245995430085993,NA,NA,NA,NA
"72",21,21,21,21,21,21,21,21,21,21,21,NA,NA,NA,NA,NA,NA,"AI","northern rockfish",30420,NA,NA,NA,"total_catch_wt_kg ~ 0 + factor(year)","delta_gamma",TRUE,"iid, iid","northern_rockfish","02_3","sigma_E",0.249088484137857,NA,NA,NA,NA
"73",22,22,22,22,22,22,22,22,22,22,NA,NA,NA,NA,NA,NA,NA,"AI","northern rockfish",30420,NA,NA,NA,"total_catch_wt_kg ~ 0 + factor(year)","delta_gamma",TRUE,"iid, iid","northern_rockfish","04_1","range",2.82837564689938,NA,NA,NA,NA
"74",23,23,23,23,23,23,23,23,23,23,NA,NA,NA,NA,NA,NA,NA,"AI","northern rockfish",30420,NA,NA,NA,"total_catch_wt_kg ~ 0 + factor(year)","delta_gamma",TRUE,"iid, iid","northern_rockfish","04_1","sigma_O",0.282087139367087,NA,NA,NA,NA
"75",24,24,24,24,24,24,24,24,24,24,NA,NA,NA,NA,NA,NA,NA,"AI","northern rockfish",30420,NA,NA,NA,"total_catch_wt_kg ~ 0 + factor(year)","delta_gamma",TRUE,"iid, iid","northern_rockfish","04_1","sigma_E",0.282087284669921,NA,NA,NA,NA
"76",25,25,25,25,25,25,25,25,25,NA,NA,NA,NA,NA,NA,NA,NA,"AI","northern rockfish",30420,NA,NA,NA,"total_catch_wt_kg ~ 0 + factor(year)","delta_gamma",TRUE,"iid, iid","northern_rockfish","04_2","range",3.04394854301486,1551.48663182943,0,Inf,NA
"77",26,26,26,26,26,26,26,26,26,NA,NA,NA,NA,NA,NA,NA,NA,"AI","northern rockfish",30420,NA,NA,NA,"total_catch_wt_kg ~ 0 + factor(year)","delta_gamma",TRUE,"iid, iid","northern_rockfish","04_2","sigma_O",0.287400546088985,142.356996412815,0,Inf,NA
"78",27,27,27,27,27,27,27,27,27,NA,NA,NA,NA,NA,NA,NA,NA,"AI","northern rockfish",30420,NA,NA,NA,"total_catch_wt_kg ~ 0 + factor(year)","delta_gamma",TRUE,"iid, iid","northern_rockfish","04_2","sigma_E",0.306548455267642,156.434327069809,0,Inf,NA
"79",28,28,28,28,28,28,28,28,NA,NA,NA,NA,NA,NA,NA,NA,NA,"AI","northern rockfish",30420,NA,NA,NA,"total_catch_wt_kg ~ 0 + factor(year)","delta_gamma",TRUE,"iid, iid","northern_rockfish","04_3","range",2.81134436523992,1245.92334878122,0,Inf,NA
"80",29,29,29,29,29,29,29,29,NA,NA,NA,NA,NA,NA,NA,NA,NA,"AI","northern rockfish",30420,NA,NA,NA,"total_catch_wt_kg ~ 0 + factor(year)","delta_gamma",TRUE,"iid, iid","northern_rockfish","04_3","sigma_O",0.388752159839909,169.436067084885,0,Inf,NA
"81",30,30,30,30,30,30,30,30,NA,NA,NA,NA,NA,NA,NA,NA,NA,"AI","northern rockfish",30420,NA,NA,NA,"total_catch_wt_kg ~ 0 + factor(year)","delta_gamma",TRUE,"iid, iid","northern_rockfish","04_3","sigma_E",0.257759307392051,115.176923814487,0,Inf,NA
"82",31,31,31,31,31,31,31,NA,NA,NA,NA,NA,NA,NA,NA,NA,NA,"AI","northern rockfish",30420,NA,NA,NA,"total_catch_wt_kg ~ 0 + factor(year)","delta_gamma",TRUE,"iid, iid","northern_rockfish","06_1","range",2.82454015052533,4086.38519812685,0,Inf,NA
"83",32,32,32,32,32,32,32,NA,NA,NA,NA,NA,NA,NA,NA,NA,NA,"AI","northern rockfish",30420,NA,NA,NA,"total_catch_wt_kg ~ 0 + factor(year)","delta_gamma",TRUE,"iid, iid","northern_rockfish","06_1","sigma_O",0.281511553421035,492.160879706144,0,Inf,NA
"84",33,33,33,33,33,33,33,NA,NA,NA,NA,NA,NA,NA,NA,NA,NA,"AI","northern rockfish",30420,NA,NA,NA,"total_catch_wt_kg ~ 0 + factor(year)","delta_gamma",TRUE,"iid, iid","northern_rockfish","06_1","sigma_E",0.281505447807042,407.683770947289,0,Inf,NA
"85",34,34,34,34,34,34,NA,NA,NA,NA,NA,NA,NA,NA,NA,NA,NA,"AI","northern rockfish",30420,NA,NA,NA,"total_catch_wt_kg ~ 0 + factor(year)","delta_gamma",TRUE,"iid, iid","northern_rockfish","06_2","range",2.8292741500459,5.35622611538502,0.0692192859320975,115.643958303332,NA
"86",35,35,35,35,35,35,NA,NA,NA,NA,NA,NA,NA,NA,NA,NA,NA,"AI","northern rockfish",30420,NA,NA,NA,"total_catch_wt_kg ~ 0 + factor(year)","delta_gamma",TRUE,"iid, iid","northern_rockfish","06_2","sigma_O",0.28282192994461,0.456485659367651,0.0119575027778094,6.68937699985615,NA
"87",36,36,36,36,36,36,NA,NA,NA,NA,NA,NA,NA,NA,NA,NA,NA,"AI","northern rockfish",30420,NA,NA,NA,"total_catch_wt_kg ~ 0 + factor(year)","delta_gamma",TRUE,"iid, iid","northern_rockfish","06_2","sigma_E",0.264148154149033,0.48372427763479,0.00729583800444583,9.5635686123819,NA
"88",37,37,37,37,37,NA,NA,NA,NA,NA,NA,NA,NA,NA,NA,NA,NA,"AI","northern rockfish",30420,NA,NA,NA,"total_catch_wt_kg ~ 0 + factor(year)","delta_gamma",TRUE,"iid, iid","northern_rockfish","06_3","range",4.40103122339297,2595.03921271652,0,Inf,NA
"89",38,38,38,38,38,NA,NA,NA,NA,NA,NA,NA,NA,NA,NA,NA,NA,"AI","northern rockfish",30420,NA,NA,NA,"total_catch_wt_kg ~ 0 + factor(year)","delta_gamma",TRUE,"iid, iid","northern_rockfish","06_3","sigma_O",0.153451360503149,89.3153445373446,0,Inf,NA
"90",39,39,39,39,39,NA,NA,NA,NA,NA,NA,NA,NA,NA,NA,NA,NA,"AI","northern rockfish",30420,NA,NA,NA,"total_catch_wt_kg ~ 0 + factor(year)","delta_gamma",TRUE,"iid, iid","northern_rockfish","06_3","sigma_E",0.454235127913103,265.785065646313,0,Inf,NA
"91",40,40,40,40,NA,NA,NA,NA,NA,NA,NA,NA,NA,NA,NA,NA,NA,"AI","northern rockfish",30420,NA,NA,NA,"total_catch_wt_kg ~ 0 + factor(year)","delta_gamma",TRUE,"iid, iid","northern_rockfish","08_1","range",5.08125320503394,2241.83186399793,0,Inf,NA
"92",41,41,41,41,NA,NA,NA,NA,NA,NA,NA,NA,NA,NA,NA,NA,NA,"AI","northern rockfish",30420,NA,NA,NA,"total_catch_wt_kg ~ 0 + factor(year)","delta_gamma",TRUE,"iid, iid","northern_rockfish","08_1","sigma_O",0.176865820038635,74.2449936829698,0,Inf,NA
"93",42,42,42,42,NA,NA,NA,NA,NA,NA,NA,NA,NA,NA,NA,NA,NA,"AI","northern rockfish",30420,NA,NA,NA,"total_catch_wt_kg ~ 0 + factor(year)","delta_gamma",TRUE,"iid, iid","northern_rockfish","08_1","sigma_E",0.540279587113525,238.958247033883,0,Inf,NA
"94",43,43,43,NA,NA,NA,NA,NA,NA,NA,NA,NA,NA,NA,NA,NA,NA,"AI","northern rockfish",30420,NA,NA,NA,"total_catch_wt_kg ~ 0 + factor(year)","delta_gamma",TRUE,"iid, iid","northern_rockfish","08_2","range",2.65128495666299,1796.67393105139,0,Inf,NA
"95",44,44,44,NA,NA,NA,NA,NA,NA,NA,NA,NA,NA,NA,NA,NA,NA,"AI","northern rockfish",30420,NA,NA,NA,"total_catch_wt_kg ~ 0 + factor(year)","delta_gamma",TRUE,"iid, iid","northern_rockfish","08_2","sigma_O",0.184678889089959,114.570001066116,0,Inf,NA
"96",45,45,45,NA,NA,NA,NA,NA,NA,NA,NA,NA,NA,NA,NA,NA,NA,"AI","northern rockfish",30420,NA,NA,NA,"total_catch_wt_kg ~ 0 + factor(year)","delta_gamma",TRUE,"iid, iid","northern_rockfish","08_2","sigma_E",0.283928623738257,191.876635089466,0,Inf,NA
"97",46,46,NA,NA,NA,NA,NA,NA,NA,NA,NA,NA,NA,NA,NA,NA,NA,"AI","northern rockfish",30420,NA,NA,NA,"total_catch_wt_kg ~ 0 + factor(year)","delta_gamma",TRUE,"iid, iid","northern_rockfish","08_3","range",2.44996006292526,1519.89429149398,0,Inf,NA
"98",47,47,NA,NA,NA,NA,NA,NA,NA,NA,NA,NA,NA,NA,NA,NA,NA,"AI","northern rockfish",30420,NA,NA,NA,"total_catch_wt_kg ~ 0 + factor(year)","delta_gamma",TRUE,"iid, iid","northern_rockfish","08_3","sigma_O",0.330103247385607,214.109044509951,0,Inf,NA
"99",48,48,NA,NA,NA,NA,NA,NA,NA,NA,NA,NA,NA,NA,NA,NA,NA,"AI","northern rockfish",30420,NA,NA,NA,"total_catch_wt_kg ~ 0 + factor(year)","delta_gamma",TRUE,"iid, iid","northern_rockfish","08_3","sigma_E",0.241029185852814,149.984627955918,0,Inf,NA
"100",49,NA,NA,NA,NA,NA,NA,NA,NA,NA,NA,NA,NA,NA,NA,NA,NA,"AI","northern rockfish",30420,NA,NA,NA,"total_catch_wt_kg ~ 0 + factor(year)","delta_gamma",TRUE,"iid, iid","northern_rockfish","1_1","range",5.39983101452517,1585.41558937758,6.54084908854083e-250,4.45785777820712e+250,NA
"101",50,NA,NA,NA,NA,NA,NA,NA,NA,NA,NA,NA,NA,NA,NA,NA,NA,"AI","northern rockfish",30420,NA,NA,NA,"total_catch_wt_kg ~ 0 + factor(year)","delta_gamma",TRUE,"iid, iid","northern_rockfish","1_1","sigma_O",0.193363638734933,57.8708182555992,3.42453638736297e-256,1.09181192884353e+254,NA
"102",51,NA,NA,NA,NA,NA,NA,NA,NA,NA,NA,NA,NA,NA,NA,NA,NA,"AI","northern rockfish",30420,NA,NA,NA,"total_catch_wt_kg ~ 0 + factor(year)","delta_gamma",TRUE,"iid, iid","northern_rockfish","1_1","sigma_E",0.717204766215869,216.966784054992,2.25179130787687e-258,2.28432659315918e+257,NA
"103",1,1,1,1,1,1,1,1,1,1,1,1,1,1,1,1,1,"AI","Pacific cod",21720,NA,NA,NA,"total_catch_wt_kg ~ 0 + factor(year)","delta_gamma",TRUE,"iid, iid","pacific_cod","08_3","range",4.36201200733305,NA,NA,NA,NA
"104",2,2,2,2,2,2,2,2,2,2,2,2,2,2,2,2,2,"AI","Pacific cod",21720,NA,NA,NA,"total_catch_wt_kg ~ 0 + factor(year)","delta_gamma",TRUE,"iid, iid","pacific_cod","08_3","sigma_O",0.297303743740809,NA,NA,NA,NA
"105",3,3,3,3,3,3,3,3,3,3,3,3,3,3,3,3,3,"AI","Pacific cod",21720,NA,NA,NA,"total_catch_wt_kg ~ 0 + factor(year)","delta_gamma",TRUE,"iid, iid","pacific_cod","08_3","sigma_E",0.253064412154901,NA,NA,NA,NA
"106",4,4,4,4,4,4,4,4,4,4,4,4,4,4,4,4,NA,"AI","Pacific cod",21720,NA,NA,NA,"total_catch_wt_kg ~ 0 + factor(year)","delta_gamma",TRUE,"iid, iid","pacific_cod","1_1","range",2.82830366633727,3597.50111671783,0,Inf,NA
"107",5,5,5,5,5,5,5,5,5,5,5,5,5,5,5,5,NA,"AI","Pacific cod",21720,NA,NA,NA,"total_catch_wt_kg ~ 0 + factor(year)","delta_gamma",TRUE,"iid, iid","pacific_cod","1_1","sigma_O",0.282076346848689,433.044777142261,0,Inf,NA
"108",6,6,6,6,6,6,6,6,6,6,6,6,6,6,6,6,NA,"AI","Pacific cod",21720,NA,NA,NA,"total_catch_wt_kg ~ 0 + factor(year)","delta_gamma",TRUE,"iid, iid","pacific_cod","1_1","sigma_E",0.282076346655336,398.904481236308,0,Inf,NA
"109",7,7,7,7,7,7,7,7,7,7,7,7,7,7,7,NA,NA,"AI","Pacific cod",21720,NA,NA,NA,"total_catch_wt_kg ~ 0 + factor(year)","delta_gamma",TRUE,"iid, iid","pacific_cod","08_3","range",4.36201200733305,NA,NA,NA,NA
"110",8,8,8,8,8,8,8,8,8,8,8,8,8,8,8,NA,NA,"AI","Pacific cod",21720,NA,NA,NA,"total_catch_wt_kg ~ 0 + factor(year)","delta_gamma",TRUE,"iid, iid","pacific_cod","08_3","sigma_O",0.297303743740809,NA,NA,NA,NA
"111",9,9,9,9,9,9,9,9,9,9,9,9,9,9,9,NA,NA,"AI","Pacific cod",21720,NA,NA,NA,"total_catch_wt_kg ~ 0 + factor(year)","delta_gamma",TRUE,"iid, iid","pacific_cod","08_3","sigma_E",0.253064412154901,NA,NA,NA,NA
"112",10,10,10,10,10,10,10,10,10,10,10,10,10,10,NA,NA,NA,"AI","Pacific cod",21720,NA,NA,NA,"total_catch_wt_kg ~ 0 + factor(year)","delta_gamma",TRUE,"iid, iid","pacific_cod","1_1","range",2.82830366633727,3597.50111671783,0,Inf,NA
"113",11,11,11,11,11,11,11,11,11,11,11,11,11,11,NA,NA,NA,"AI","Pacific cod",21720,NA,NA,NA,"total_catch_wt_kg ~ 0 + factor(year)","delta_gamma",TRUE,"iid, iid","pacific_cod","1_1","sigma_O",0.282076346848689,433.044777142261,0,Inf,NA
"114",12,12,12,12,12,12,12,12,12,12,12,12,12,12,NA,NA,NA,"AI","Pacific cod",21720,NA,NA,NA,"total_catch_wt_kg ~ 0 + factor(year)","delta_gamma",TRUE,"iid, iid","pacific_cod","1_1","sigma_E",0.282076346655336,398.904481236308,0,Inf,NA
"115",13,13,13,13,13,13,13,13,13,13,13,13,13,NA,NA,NA,NA,"AI","Pacific cod",21720,NA,NA,NA,"total_catch_wt_kg ~ 0 + factor(year)","delta_gamma",TRUE,"iid, iid","pacific_cod","02_1","range",2.78768056726802,478.29389569959,2.51808468892121e-146,3.08614042224814e+146,NA
"116",14,14,14,14,14,14,14,14,14,14,14,14,14,NA,NA,NA,NA,"AI","Pacific cod",21720,NA,NA,NA,"total_catch_wt_kg ~ 0 + factor(year)","delta_gamma",TRUE,"iid, iid","pacific_cod","02_1","sigma_O",0.278895508633278,47.6262472185993,1.22464103562104e-146,6.35146973466966e+144,NA
"117",15,15,15,15,15,15,15,15,15,15,15,15,15,NA,NA,NA,NA,"AI","Pacific cod",21720,NA,NA,NA,"total_catch_wt_kg ~ 0 + factor(year)","delta_gamma",TRUE,"iid, iid","pacific_cod","02_1","sigma_E",0.277656131060118,47.6585878394087,2.17818584330615e-147,3.53931816021087e+145,NA
"118",16,16,16,16,16,16,16,16,16,16,16,16,NA,NA,NA,NA,NA,"AI","Pacific cod",21720,NA,NA,NA,"total_catch_wt_kg ~ 0 + factor(year)","delta_gamma",TRUE,"iid, iid","pacific_cod","02_2","range",3.71983703666525,719.920832767008,6.80356068422448e-165,2.03381555946585e+165,NA
"119",17,17,17,17,17,17,17,17,17,17,17,17,NA,NA,NA,NA,NA,"AI","Pacific cod",21720,NA,NA,NA,"total_catch_wt_kg ~ 0 + factor(year)","delta_gamma",TRUE,"iid, iid","pacific_cod","02_2","sigma_O",0.369666425938201,71.6172956798611,4.57453141218234e-166,2.98726261015523e+164,NA
"120",18,18,18,18,18,18,18,18,18,18,18,18,NA,NA,NA,NA,NA,"AI","Pacific cod",21720,NA,NA,NA,"total_catch_wt_kg ~ 0 + factor(year)","delta_gamma",TRUE,"iid, iid","pacific_cod","02_2","sigma_E",0.369831329010713,71.5563003860128,7.48956917849439e-166,1.82620934072649e+164,NA
"121",19,19,19,19,19,19,19,19,19,19,19,NA,NA,NA,NA,NA,NA,"AI","Pacific cod",21720,NA,NA,NA,"total_catch_wt_kg ~ 0 + factor(year)","delta_gamma",TRUE,"iid, iid","pacific_cod","02_3","range",2.47983387073851,1772.63131769133,0,Inf,NA
"122",20,20,20,20,20,20,20,20,20,20,20,NA,NA,NA,NA,NA,NA,"AI","Pacific cod",21720,NA,NA,NA,"total_catch_wt_kg ~ 0 + factor(year)","delta_gamma",TRUE,"iid, iid","pacific_cod","02_3","sigma_O",0.255494567404405,181.736485254357,0,Inf,NA
"123",21,21,21,21,21,21,21,21,21,21,21,NA,NA,NA,NA,NA,NA,"AI","Pacific cod",21720,NA,NA,NA,"total_catch_wt_kg ~ 0 + factor(year)","delta_gamma",TRUE,"iid, iid","pacific_cod","02_3","sigma_E",0.24795776668975,177.643974961299,0,Inf,NA
"124",22,22,22,22,22,22,22,22,22,22,NA,NA,NA,NA,NA,NA,NA,"AI","Pacific cod",21720,NA,NA,NA,"total_catch_wt_kg ~ 0 + factor(year)","delta_gamma",TRUE,"iid, iid","pacific_cod","04_1","range",2.81568159322635,NA,NA,NA,NA
"125",23,23,23,23,23,23,23,23,23,23,NA,NA,NA,NA,NA,NA,NA,"AI","Pacific cod",21720,NA,NA,NA,"total_catch_wt_kg ~ 0 + factor(year)","delta_gamma",TRUE,"iid, iid","pacific_cod","04_1","sigma_O",0.273559374416478,NA,NA,NA,NA
"126",24,24,24,24,24,24,24,24,24,24,NA,NA,NA,NA,NA,NA,NA,"AI","Pacific cod",21720,NA,NA,NA,"total_catch_wt_kg ~ 0 + factor(year)","delta_gamma",TRUE,"iid, iid","pacific_cod","04_1","sigma_E",0.279540014750434,NA,NA,NA,NA
"127",25,25,25,25,25,25,25,25,25,NA,NA,NA,NA,NA,NA,NA,NA,"AI","Pacific cod",21720,NA,NA,NA,"total_catch_wt_kg ~ 0 + factor(year)","delta_gamma",TRUE,"iid, iid","pacific_cod","04_2","range",2.34067740287944,1404.78760535787,0,Inf,NA
"128",26,26,26,26,26,26,26,26,26,NA,NA,NA,NA,NA,NA,NA,NA,"AI","Pacific cod",21720,NA,NA,NA,"total_catch_wt_kg ~ 0 + factor(year)","delta_gamma",TRUE,"iid, iid","pacific_cod","04_2","sigma_O",0.324524818537821,227.788257943869,0,Inf,NA
"129",27,27,27,27,27,27,27,27,27,NA,NA,NA,NA,NA,NA,NA,NA,"AI","Pacific cod",21720,NA,NA,NA,"total_catch_wt_kg ~ 0 + factor(year)","delta_gamma",TRUE,"iid, iid","pacific_cod","04_2","sigma_E",0.229236352878884,129.915354195314,0,Inf,NA
"130",28,28,28,28,28,28,28,28,NA,NA,NA,NA,NA,NA,NA,NA,NA,"AI","Pacific cod",21720,NA,NA,NA,"total_catch_wt_kg ~ 0 + factor(year)","delta_gamma",TRUE,"iid, iid","pacific_cod","04_3","range",2.82495693706199,NA,NA,NA,NA
"131",29,29,29,29,29,29,29,29,NA,NA,NA,NA,NA,NA,NA,NA,NA,"AI","Pacific cod",21720,NA,NA,NA,"total_catch_wt_kg ~ 0 + factor(year)","delta_gamma",TRUE,"iid, iid","pacific_cod","04_3","sigma_O",0.281575246179057,NA,NA,NA,NA
"132",30,30,30,30,30,30,30,30,NA,NA,NA,NA,NA,NA,NA,NA,NA,"AI","Pacific cod",21720,NA,NA,NA,"total_catch_wt_kg ~ 0 + factor(year)","delta_gamma",TRUE,"iid, iid","pacific_cod","04_3","sigma_E",0.281580816024557,NA,NA,NA,NA
"133",31,31,31,31,31,31,31,NA,NA,NA,NA,NA,NA,NA,NA,NA,NA,"AI","Pacific cod",21720,NA,NA,NA,"total_catch_wt_kg ~ 0 + factor(year)","delta_gamma",TRUE,"iid, iid","pacific_cod","06_1","range",1.73193759014664,1556.98129083628,0,Inf,NA
"134",32,32,32,32,32,32,32,NA,NA,NA,NA,NA,NA,NA,NA,NA,NA,"AI","Pacific cod",21720,NA,NA,NA,"total_catch_wt_kg ~ 0 + factor(year)","delta_gamma",TRUE,"iid, iid","pacific_cod","06_1","sigma_O",0.243945448607466,245.62263774142,0,Inf,NA
"135",33,33,33,33,33,33,33,NA,NA,NA,NA,NA,NA,NA,NA,NA,NA,"AI","Pacific cod",21720,NA,NA,NA,"total_catch_wt_kg ~ 0 + factor(year)","delta_gamma",TRUE,"iid, iid","pacific_cod","06_1","sigma_E",0.173793757381175,157.64320076617,0,Inf,NA
"136",34,34,34,34,34,34,NA,NA,NA,NA,NA,NA,NA,NA,NA,NA,NA,"AI","Pacific cod",21720,NA,NA,NA,"total_catch_wt_kg ~ 0 + factor(year)","delta_gamma",TRUE,"iid, iid","pacific_cod","06_2","range",1.64885951345292,1369.2274537204,0,Inf,NA
"137",35,35,35,35,35,35,NA,NA,NA,NA,NA,NA,NA,NA,NA,NA,NA,"AI","Pacific cod",21720,NA,NA,NA,"total_catch_wt_kg ~ 0 + factor(year)","delta_gamma",TRUE,"iid, iid","pacific_cod","06_2","sigma_O",0.200491145163753,1026.64038599124,0,Inf,NA
"138",36,36,36,36,36,36,NA,NA,NA,NA,NA,NA,NA,NA,NA,NA,NA,"AI","Pacific cod",21720,NA,NA,NA,"total_catch_wt_kg ~ 0 + factor(year)","delta_gamma",TRUE,"iid, iid","pacific_cod","06_2","sigma_E",0.17535925534502,150.713002837957,0,Inf,NA
"139",37,37,37,37,37,NA,NA,NA,NA,NA,NA,NA,NA,NA,NA,NA,NA,"AI","Pacific cod",21720,NA,NA,NA,"total_catch_wt_kg ~ 0 + factor(year)","delta_gamma",TRUE,"iid, iid","pacific_cod","06_3","range",2.27829136989,2306.95682547878,0,Inf,NA
"140",38,38,38,38,38,NA,NA,NA,NA,NA,NA,NA,NA,NA,NA,NA,NA,"AI","Pacific cod",21720,NA,NA,NA,"total_catch_wt_kg ~ 0 + factor(year)","delta_gamma",TRUE,"iid, iid","pacific_cod","06_3","sigma_O",0.227850453693853,NA,NA,NA,NA
"141",39,39,39,39,39,NA,NA,NA,NA,NA,NA,NA,NA,NA,NA,NA,NA,"AI","Pacific cod",21720,NA,NA,NA,"total_catch_wt_kg ~ 0 + factor(year)","delta_gamma",TRUE,"iid, iid","pacific_cod","06_3","sigma_E",0.204564574776883,209.273319701064,0,Inf,NA
"142",40,40,40,40,NA,NA,NA,NA,NA,NA,NA,NA,NA,NA,NA,NA,NA,"AI","Pacific cod",21720,NA,NA,NA,"total_catch_wt_kg ~ 0 + factor(year)","delta_gamma",TRUE,"iid, iid","pacific_cod","08_1","range",1.18589669365533,1159.61898201678,0,Inf,NA
"143",41,41,41,41,NA,NA,NA,NA,NA,NA,NA,NA,NA,NA,NA,NA,NA,"AI","Pacific cod",21720,NA,NA,NA,"total_catch_wt_kg ~ 0 + factor(year)","delta_gamma",TRUE,"iid, iid","pacific_cod","08_1","sigma_O",0.197043291911173,353.847844379393,0,Inf,NA
"144",42,42,42,42,NA,NA,NA,NA,NA,NA,NA,NA,NA,NA,NA,NA,NA,"AI","Pacific cod",21720,NA,NA,NA,"total_catch_wt_kg ~ 0 + factor(year)","delta_gamma",TRUE,"iid, iid","pacific_cod","08_1","sigma_E",0.113918586643091,132.065317751206,0,Inf,NA
"145",43,43,43,NA,NA,NA,NA,NA,NA,NA,NA,NA,NA,NA,NA,NA,NA,"AI","Pacific cod",21720,NA,NA,NA,"total_catch_wt_kg ~ 0 + factor(year)","delta_gamma",TRUE,"iid, iid","pacific_cod","08_2","range",1.82332226249207,1110.51322501785,0,Inf,NA
"146",44,44,44,NA,NA,NA,NA,NA,NA,NA,NA,NA,NA,NA,NA,NA,NA,"AI","Pacific cod",21720,NA,NA,NA,"total_catch_wt_kg ~ 0 + factor(year)","delta_gamma",TRUE,"iid, iid","pacific_cod","08_2","sigma_O",0.157931670542733,81.9714028564279,0,Inf,NA
"147",45,45,45,NA,NA,NA,NA,NA,NA,NA,NA,NA,NA,NA,NA,NA,NA,"AI","Pacific cod",21720,NA,NA,NA,"total_catch_wt_kg ~ 0 + factor(year)","delta_gamma",TRUE,"iid, iid","pacific_cod","08_2","sigma_E",0.173189020702805,108.233175261032,0,Inf,NA
"148",46,46,NA,NA,NA,NA,NA,NA,NA,NA,NA,NA,NA,NA,NA,NA,NA,"AI","Pacific cod",21720,NA,NA,NA,"total_catch_wt_kg ~ 0 + factor(year)","delta_gamma",TRUE,"iid, iid","pacific_cod","08_3","range",4.69901971795024,1920.35841931271,0,Inf,NA
"149",47,47,NA,NA,NA,NA,NA,NA,NA,NA,NA,NA,NA,NA,NA,NA,NA,"AI","Pacific cod",21720,NA,NA,NA,"total_catch_wt_kg ~ 0 + factor(year)","delta_gamma",TRUE,"iid, iid","pacific_cod","08_3","sigma_O",0.278344143278498,108.970980599847,0,Inf,NA
"150",48,48,NA,NA,NA,NA,NA,NA,NA,NA,NA,NA,NA,NA,NA,NA,NA,"AI","Pacific cod",21720,NA,NA,NA,"total_catch_wt_kg ~ 0 + factor(year)","delta_gamma",TRUE,"iid, iid","pacific_cod","08_3","sigma_E",0.491583006573335,201.106531896557,0,Inf,NA
"151",49,NA,NA,NA,NA,NA,NA,NA,NA,NA,NA,NA,NA,NA,NA,NA,NA,"AI","Pacific cod",21720,NA,NA,NA,"total_catch_wt_kg ~ 0 + factor(year)","delta_gamma",TRUE,"iid, iid","pacific_cod","1_1","range",2.82725562967686,3451.27469153842,0,Inf,NA
"152",50,NA,NA,NA,NA,NA,NA,NA,NA,NA,NA,NA,NA,NA,NA,NA,NA,"AI","Pacific cod",21720,NA,NA,NA,"total_catch_wt_kg ~ 0 + factor(year)","delta_gamma",TRUE,"iid, iid","pacific_cod","1_1","sigma_O",0.281919330826991,421.916346662055,0,Inf,NA
"153",51,NA,NA,NA,NA,NA,NA,NA,NA,NA,NA,NA,NA,NA,NA,NA,NA,"AI","Pacific cod",21720,NA,NA,NA,"total_catch_wt_kg ~ 0 + factor(year)","delta_gamma",TRUE,"iid, iid","pacific_cod","1_1","sigma_E",0.28191978581777,340.101659364431,0,Inf,NA
"154",1,1,1,1,1,1,1,1,1,1,1,1,1,1,1,1,1,"AI","Pacific ocean perch",30060,NA,NA,NA,"total_catch_wt_kg ~ 0 + factor(year)","delta_gamma",TRUE,"iid, iid","pacific_ocean_perch","08_3","range",2.80402607771196,3474.50293189363,0,Inf,NA
"155",2,2,2,2,2,2,2,2,2,2,2,2,2,2,2,2,2,"AI","Pacific ocean perch",30060,NA,NA,NA,"total_catch_wt_kg ~ 0 + factor(year)","delta_gamma",TRUE,"iid, iid","pacific_ocean_perch","08_3","sigma_O",0.278447166438472,345.410316695525,0,Inf,NA
"156",3,3,3,3,3,3,3,3,3,3,3,3,3,3,3,3,3,"AI","Pacific ocean perch",30060,NA,NA,NA,"total_catch_wt_kg ~ 0 + factor(year)","delta_gamma",TRUE,"iid, iid","pacific_ocean_perch","08_3","sigma_E",0.278414897233383,345.469044951283,0,Inf,NA
"157",4,4,4,4,4,4,4,4,4,4,4,4,4,4,4,4,NA,"AI","Pacific ocean perch",30060,NA,NA,NA,"total_catch_wt_kg ~ 0 + factor(year)","delta_gamma",TRUE,"iid, iid","pacific_ocean_perch","1_1","range",0.815861036451548,NA,NA,NA,NA
"158",5,5,5,5,5,5,5,5,5,5,5,5,5,5,5,5,NA,"AI","Pacific ocean perch",30060,NA,NA,NA,"total_catch_wt_kg ~ 0 + factor(year)","delta_gamma",TRUE,"iid, iid","pacific_ocean_perch","1_1","sigma_O",0.387742374605981,431.667857190495,0,Inf,NA
"159",6,6,6,6,6,6,6,6,6,6,6,6,6,6,6,6,NA,"AI","Pacific ocean perch",30060,NA,NA,NA,"total_catch_wt_kg ~ 0 + factor(year)","delta_gamma",TRUE,"iid, iid","pacific_ocean_perch","1_1","sigma_E",0.100221368800755,NA,NA,NA,NA
"160",7,7,7,7,7,7,7,7,7,7,7,7,7,7,7,NA,NA,"AI","Pacific ocean perch",30060,NA,NA,NA,"total_catch_wt_kg ~ 0 + factor(year)","delta_gamma",TRUE,"iid, iid","pacific_ocean_perch","08_3","range",2.80402607771196,3474.50293189363,0,Inf,NA
"161",8,8,8,8,8,8,8,8,8,8,8,8,8,8,8,NA,NA,"AI","Pacific ocean perch",30060,NA,NA,NA,"total_catch_wt_kg ~ 0 + factor(year)","delta_gamma",TRUE,"iid, iid","pacific_ocean_perch","08_3","sigma_O",0.278447166438472,345.410316695525,0,Inf,NA
"162",9,9,9,9,9,9,9,9,9,9,9,9,9,9,9,NA,NA,"AI","Pacific ocean perch",30060,NA,NA,NA,"total_catch_wt_kg ~ 0 + factor(year)","delta_gamma",TRUE,"iid, iid","pacific_ocean_perch","08_3","sigma_E",0.278414897233383,345.469044951283,0,Inf,NA
"163",10,10,10,10,10,10,10,10,10,10,10,10,10,10,NA,NA,NA,"AI","Pacific ocean perch",30060,NA,NA,NA,"total_catch_wt_kg ~ 0 + factor(year)","delta_gamma",TRUE,"iid, iid","pacific_ocean_perch","1_1","range",0.815861036451548,NA,NA,NA,NA
"164",11,11,11,11,11,11,11,11,11,11,11,11,11,11,NA,NA,NA,"AI","Pacific ocean perch",30060,NA,NA,NA,"total_catch_wt_kg ~ 0 + factor(year)","delta_gamma",TRUE,"iid, iid","pacific_ocean_perch","1_1","sigma_O",0.387742374605981,431.667857190495,0,Inf,NA
"165",12,12,12,12,12,12,12,12,12,12,12,12,12,12,NA,NA,NA,"AI","Pacific ocean perch",30060,NA,NA,NA,"total_catch_wt_kg ~ 0 + factor(year)","delta_gamma",TRUE,"iid, iid","pacific_ocean_perch","1_1","sigma_E",0.100221368800755,NA,NA,NA,NA
"166",13,13,13,13,13,13,13,13,13,13,13,13,13,NA,NA,NA,NA,"AI","Pacific ocean perch",30060,NA,NA,NA,"total_catch_wt_kg ~ 0 + factor(year)","delta_gamma",TRUE,"iid, iid","pacific_ocean_perch","02_1","range",2.23064539620607,1474.53040982944,0,Inf,NA
"167",14,14,14,14,14,14,14,14,14,14,14,14,14,NA,NA,NA,NA,"AI","Pacific ocean perch",30060,NA,NA,NA,"total_catch_wt_kg ~ 0 + factor(year)","delta_gamma",TRUE,"iid, iid","pacific_ocean_perch","02_1","sigma_O",0.222838719641936,146.871287682032,0,Inf,NA
"168",15,15,15,15,15,15,15,15,15,15,15,15,15,NA,NA,NA,NA,"AI","Pacific ocean perch",30060,NA,NA,NA,"total_catch_wt_kg ~ 0 + factor(year)","delta_gamma",TRUE,"iid, iid","pacific_ocean_perch","02_1","sigma_E",0.223813188188585,147.893779834632,0,Inf,NA
"169",16,16,16,16,16,16,16,16,16,16,16,16,NA,NA,NA,NA,NA,"AI","Pacific ocean perch",30060,NA,NA,NA,"total_catch_wt_kg ~ 0 + factor(year)","delta_gamma",TRUE,"iid, iid","pacific_ocean_perch","02_2","range",2.65793844774667,NA,NA,NA,NA
"170",17,17,17,17,17,17,17,17,17,17,17,17,NA,NA,NA,NA,NA,"AI","Pacific ocean perch",30060,NA,NA,NA,"total_catch_wt_kg ~ 0 + factor(year)","delta_gamma",TRUE,"iid, iid","pacific_ocean_perch","02_2","sigma_O",0.276864455429994,NA,NA,NA,NA
"171",18,18,18,18,18,18,18,18,18,18,18,18,NA,NA,NA,NA,NA,"AI","Pacific ocean perch",30060,NA,NA,NA,"total_catch_wt_kg ~ 0 + factor(year)","delta_gamma",TRUE,"iid, iid","pacific_ocean_perch","02_2","sigma_E",0.265935248836567,NA,NA,NA,NA
"172",19,19,19,19,19,19,19,19,19,19,19,NA,NA,NA,NA,NA,NA,"AI","Pacific ocean perch",30060,NA,NA,NA,"total_catch_wt_kg ~ 0 + factor(year)","delta_gamma",TRUE,"iid, iid","pacific_ocean_perch","02_3","range",2.82406125011549,2.19596337741453,0.615159626443455,12.9646381224873,NA
"173",20,20,20,20,20,20,20,20,20,20,20,NA,NA,NA,NA,NA,NA,"AI","Pacific ocean perch",30060,NA,NA,NA,"total_catch_wt_kg ~ 0 + factor(year)","delta_gamma",TRUE,"iid, iid","pacific_ocean_perch","02_3","sigma_O",0.282078945037595,NA,NA,NA,NA
"174",21,21,21,21,21,21,21,21,21,21,21,NA,NA,NA,NA,NA,NA,"AI","Pacific ocean perch",30060,NA,NA,NA,"total_catch_wt_kg ~ 0 + factor(year)","delta_gamma",TRUE,"iid, iid","pacific_ocean_perch","02_3","sigma_E",0.278553720633634,0.275700444606978,0.0400337646285861,1.93816834361453,NA
"175",22,22,22,22,22,22,22,22,22,22,NA,NA,NA,NA,NA,NA,NA,"AI","Pacific ocean perch",30060,NA,NA,NA,"total_catch_wt_kg ~ 0 + factor(year)","delta_gamma",TRUE,"iid, iid","pacific_ocean_perch","04_1","range",2.83834540003529,NA,NA,NA,NA
"176",23,23,23,23,23,23,23,23,23,23,NA,NA,NA,NA,NA,NA,NA,"AI","Pacific ocean perch",30060,NA,NA,NA,"total_catch_wt_kg ~ 0 + factor(year)","delta_gamma",TRUE,"iid, iid","pacific_ocean_perch","04_1","sigma_O",0.28283010337958,NA,NA,NA,NA
"177",24,24,24,24,24,24,24,24,24,24,NA,NA,NA,NA,NA,NA,NA,"AI","Pacific ocean perch",30060,NA,NA,NA,"total_catch_wt_kg ~ 0 + factor(year)","delta_gamma",TRUE,"iid, iid","pacific_ocean_perch","04_1","sigma_E",0.278593705925695,NA,NA,NA,NA
"178",25,25,25,25,25,25,25,25,25,NA,NA,NA,NA,NA,NA,NA,NA,"AI","Pacific ocean perch",30060,NA,NA,NA,"total_catch_wt_kg ~ 0 + factor(year)","delta_gamma",TRUE,"iid, iid","pacific_ocean_perch","04_2","range",2.82780321170631,2.14087492808485,0.641240605598774,12.4703129126853,NA
"179",26,26,26,26,26,26,26,26,26,NA,NA,NA,NA,NA,NA,NA,NA,"AI","Pacific ocean perch",30060,NA,NA,NA,"total_catch_wt_kg ~ 0 + factor(year)","delta_gamma",TRUE,"iid, iid","pacific_ocean_perch","04_2","sigma_O",0.281830185459486,0.642517108742886,0.0032315900271296,24.5786912229949,NA
"180",27,27,27,27,27,27,27,27,27,NA,NA,NA,NA,NA,NA,NA,NA,"AI","Pacific ocean perch",30060,NA,NA,NA,"total_catch_wt_kg ~ 0 + factor(year)","delta_gamma",TRUE,"iid, iid","pacific_ocean_perch","04_2","sigma_E",0.278475436659944,0.220572037491699,0.0589624732517758,1.31521906300989,NA
"181",28,28,28,28,28,28,28,28,NA,NA,NA,NA,NA,NA,NA,NA,NA,"AI","Pacific ocean perch",30060,NA,NA,NA,"total_catch_wt_kg ~ 0 + factor(year)","delta_gamma",TRUE,"iid, iid","pacific_ocean_perch","04_3","range",2.33762872034698,2630.33463098076,0,Inf,NA
"182",29,29,29,29,29,29,29,29,NA,NA,NA,NA,NA,NA,NA,NA,NA,"AI","Pacific ocean perch",30060,NA,NA,NA,"total_catch_wt_kg ~ 0 + factor(year)","delta_gamma",TRUE,"iid, iid","pacific_ocean_perch","04_3","sigma_O",0.225643217605644,255.955420410705,0,Inf,NA
"183",30,30,30,30,30,30,30,30,NA,NA,NA,NA,NA,NA,NA,NA,NA,"AI","Pacific ocean perch",30060,NA,NA,NA,"total_catch_wt_kg ~ 0 + factor(year)","delta_gamma",TRUE,"iid, iid","pacific_ocean_perch","04_3","sigma_E",0.234084620157625,263.306523164203,0,Inf,NA
"184",31,31,31,31,31,31,31,NA,NA,NA,NA,NA,NA,NA,NA,NA,NA,"AI","Pacific ocean perch",30060,NA,NA,NA,"total_catch_wt_kg ~ 0 + factor(year)","delta_gamma",TRUE,"iid, iid","pacific_ocean_perch","06_1","range",3.09930583837594,NA,NA,NA,NA
"185",32,32,32,32,32,32,32,NA,NA,NA,NA,NA,NA,NA,NA,NA,NA,"AI","Pacific ocean perch",30060,NA,NA,NA,"total_catch_wt_kg ~ 0 + factor(year)","delta_gamma",TRUE,"iid, iid","pacific_ocean_perch","06_1","sigma_O",0.238194464873462,NA,NA,NA,NA
"186",33,33,33,33,33,33,33,NA,NA,NA,NA,NA,NA,NA,NA,NA,NA,"AI","Pacific ocean perch",30060,NA,NA,NA,"total_catch_wt_kg ~ 0 + factor(year)","delta_gamma",TRUE,"iid, iid","pacific_ocean_perch","06_1","sigma_E",0.305447438741436,NA,NA,NA,NA
"187",34,34,34,34,34,34,NA,NA,NA,NA,NA,NA,NA,NA,NA,NA,NA,"AI","Pacific ocean perch",30060,NA,NA,NA,"total_catch_wt_kg ~ 0 + factor(year)","delta_gamma",TRUE,"iid, iid","pacific_ocean_perch","06_2","range",4.51261424211721,NA,NA,NA,NA
"188",35,35,35,35,35,35,NA,NA,NA,NA,NA,NA,NA,NA,NA,NA,NA,"AI","Pacific ocean perch",30060,NA,NA,NA,"total_catch_wt_kg ~ 0 + factor(year)","delta_gamma",TRUE,"iid, iid","pacific_ocean_perch","06_2","sigma_O",0.467491808626603,NA,NA,NA,NA
"189",36,36,36,36,36,36,NA,NA,NA,NA,NA,NA,NA,NA,NA,NA,NA,"AI","Pacific ocean perch",30060,NA,NA,NA,"total_catch_wt_kg ~ 0 + factor(year)","delta_gamma",TRUE,"iid, iid","pacific_ocean_perch","06_2","sigma_E",0.452942641382896,NA,NA,NA,NA
"190",37,37,37,37,37,NA,NA,NA,NA,NA,NA,NA,NA,NA,NA,NA,NA,"AI","Pacific ocean perch",30060,NA,NA,NA,"total_catch_wt_kg ~ 0 + factor(year)","delta_gamma",TRUE,"iid, iid","pacific_ocean_perch","06_3","range",2.40357369937496,3154.4467132847,0,Inf,NA
"191",38,38,38,38,38,NA,NA,NA,NA,NA,NA,NA,NA,NA,NA,NA,NA,"AI","Pacific ocean perch",30060,NA,NA,NA,"total_catch_wt_kg ~ 0 + factor(year)","delta_gamma",TRUE,"iid, iid","pacific_ocean_perch","06_3","sigma_O",0.205813301177907,321.580663323535,0,Inf,NA
"192",39,39,39,39,39,NA,NA,NA,NA,NA,NA,NA,NA,NA,NA,NA,NA,"AI","Pacific ocean perch",30060,NA,NA,NA,"total_catch_wt_kg ~ 0 + factor(year)","delta_gamma",TRUE,"iid, iid","pacific_ocean_perch","06_3","sigma_E",0.218770188117939,256.776644817509,0,Inf,NA
"193",40,40,40,40,NA,NA,NA,NA,NA,NA,NA,NA,NA,NA,NA,NA,NA,"AI","Pacific ocean perch",30060,NA,NA,NA,"total_catch_wt_kg ~ 0 + factor(year)","delta_gamma",TRUE,"iid, iid","pacific_ocean_perch","08_1","range",2.8116666079083,NA,NA,NA,NA
"194",41,41,41,41,NA,NA,NA,NA,NA,NA,NA,NA,NA,NA,NA,NA,NA,"AI","Pacific ocean perch",30060,NA,NA,NA,"total_catch_wt_kg ~ 0 + factor(year)","delta_gamma",TRUE,"iid, iid","pacific_ocean_perch","08_1","sigma_O",0.234166358498224,NA,NA,NA,NA
"195",42,42,42,42,NA,NA,NA,NA,NA,NA,NA,NA,NA,NA,NA,NA,NA,"AI","Pacific ocean perch",30060,NA,NA,NA,"total_catch_wt_kg ~ 0 + factor(year)","delta_gamma",TRUE,"iid, iid","pacific_ocean_perch","08_1","sigma_E",0.280525356738229,NA,NA,NA,NA
"196",43,43,43,NA,NA,NA,NA,NA,NA,NA,NA,NA,NA,NA,NA,NA,NA,"AI","Pacific ocean perch",30060,NA,NA,NA,"total_catch_wt_kg ~ 0 + factor(year)","delta_gamma",TRUE,"iid, iid","pacific_ocean_perch","08_2","range",2.8282011812344,1085.14021412912,0,Inf,NA
"197",44,44,44,NA,NA,NA,NA,NA,NA,NA,NA,NA,NA,NA,NA,NA,NA,"AI","Pacific ocean perch",30060,NA,NA,NA,"total_catch_wt_kg ~ 0 + factor(year)","delta_gamma",TRUE,"iid, iid","pacific_ocean_perch","08_2","sigma_O",0.282061011388109,104.609234063689,5.77303108491528e-317,Inf,NA
"198",45,45,45,NA,NA,NA,NA,NA,NA,NA,NA,NA,NA,NA,NA,NA,NA,"AI","Pacific ocean perch",30060,NA,NA,NA,"total_catch_wt_kg ~ 0 + factor(year)","delta_gamma",TRUE,"iid, iid","pacific_ocean_perch","08_2","sigma_E",0.282060767849078,107.857214230891,0,Inf,NA
"199",46,46,NA,NA,NA,NA,NA,NA,NA,NA,NA,NA,NA,NA,NA,NA,NA,"AI","Pacific ocean perch",30060,NA,NA,NA,"total_catch_wt_kg ~ 0 + factor(year)","delta_gamma",TRUE,"iid, iid","pacific_ocean_perch","08_3","range",1.89333851467951,NA,NA,NA,NA
"200",47,47,NA,NA,NA,NA,NA,NA,NA,NA,NA,NA,NA,NA,NA,NA,NA,"AI","Pacific ocean perch",30060,NA,NA,NA,"total_catch_wt_kg ~ 0 + factor(year)","delta_gamma",TRUE,"iid, iid","pacific_ocean_perch","08_3","sigma_O",0.174665012870726,142.946379309069,0,Inf,NA
"201",48,48,NA,NA,NA,NA,NA,NA,NA,NA,NA,NA,NA,NA,NA,NA,NA,"AI","Pacific ocean perch",30060,NA,NA,NA,"total_catch_wt_kg ~ 0 + factor(year)","delta_gamma",TRUE,"iid, iid","pacific_ocean_perch","08_3","sigma_E",0.17012950574818,NA,NA,NA,NA
"202",49,NA,NA,NA,NA,NA,NA,NA,NA,NA,NA,NA,NA,NA,NA,NA,NA,"AI","Pacific ocean perch",30060,NA,NA,NA,"total_catch_wt_kg ~ 0 + factor(year)","delta_gamma",TRUE,"iid, iid","pacific_ocean_perch","1_1","range",2.84848934940402,1760.41007445416,0,Inf,NA
"203",50,NA,NA,NA,NA,NA,NA,NA,NA,NA,NA,NA,NA,NA,NA,NA,NA,"AI","Pacific ocean perch",30060,NA,NA,NA,"total_catch_wt_kg ~ 0 + factor(year)","delta_gamma",TRUE,"iid, iid","pacific_ocean_perch","1_1","sigma_O",0.300300355809584,127.427291954076,0,Inf,NA
"204",51,NA,NA,NA,NA,NA,NA,NA,NA,NA,NA,NA,NA,NA,NA,NA,NA,"AI","Pacific ocean perch",30060,NA,NA,NA,"total_catch_wt_kg ~ 0 + factor(year)","delta_gamma",TRUE,"iid, iid","pacific_ocean_perch","1_1","sigma_E",0.273885916774956,171.150101291882,0,Inf,NA
"205",1,1,1,1,1,1,1,1,1,1,1,1,1,1,1,1,1,"AI","walleye pollock",21740,NA,NA,NA,"total_catch_wt_kg ~ 0 + factor(year)","delta_gamma",TRUE,"iid, iid","walleye_pollock","08_3","range",2.87869313332355,33195.558377979,0,Inf,1
"206",2,2,2,2,2,2,2,2,2,2,2,2,2,2,2,2,2,"AI","walleye pollock",21740,NA,NA,NA,"total_catch_wt_kg ~ 0 + factor(year)","delta_gamma",TRUE,"iid, iid","walleye_pollock","08_3","sigma_O",0.227163786447047,474.206958516173,0,Inf,2
"207",3,3,3,3,3,3,3,3,3,3,3,3,3,3,3,3,3,"AI","walleye pollock",21740,NA,NA,NA,"total_catch_wt_kg ~ 0 + factor(year)","delta_gamma",TRUE,"iid, iid","walleye_pollock","08_3","sigma_E",0.0552935757186448,639.046230979366,0,Inf,3
"208",4,4,4,4,4,4,4,4,4,4,4,4,4,4,4,4,NA,"AI","walleye pollock",21740,NA,NA,NA,"total_catch_wt_kg ~ 0 + factor(year)","delta_gamma",TRUE,"iid, iid","walleye_pollock","1_1","range",0.49999855079999,NA,NA,NA,4
"209",5,5,5,5,5,5,5,5,5,5,5,5,5,5,5,5,NA,"AI","walleye pollock",21740,NA,NA,NA,"total_catch_wt_kg ~ 0 + factor(year)","delta_gamma",TRUE,"iid, iid","walleye_pollock","1_1","sigma_O",0.850283665360468,572.175689088779,0,Inf,5
"210",6,6,6,6,6,6,6,6,6,6,6,6,6,6,6,6,NA,"AI","walleye pollock",21740,NA,NA,NA,"total_catch_wt_kg ~ 0 + factor(year)","delta_gamma",TRUE,"iid, iid","walleye_pollock","1_1","sigma_E",0.0439128171353843,NA,NA,NA,6
"211",7,7,7,7,7,7,7,7,7,7,7,7,7,7,7,NA,NA,"AI","walleye pollock",21740,NA,NA,NA,"total_catch_wt_kg ~ 0 + factor(year)","delta_gamma",TRUE,"iid, iid","walleye_pollock","08_3","range",2.87869313332355,33195.558377979,0,Inf,7
"212",8,8,8,8,8,8,8,8,8,8,8,8,8,8,8,NA,NA,"AI","walleye pollock",21740,NA,NA,NA,"total_catch_wt_kg ~ 0 + factor(year)","delta_gamma",TRUE,"iid, iid","walleye_pollock","08_3","sigma_O",0.227163786447047,474.206958516173,0,Inf,8
"213",9,9,9,9,9,9,9,9,9,9,9,9,9,9,9,NA,NA,"AI","walleye pollock",21740,NA,NA,NA,"total_catch_wt_kg ~ 0 + factor(year)","delta_gamma",TRUE,"iid, iid","walleye_pollock","08_3","sigma_E",0.0552935757186448,639.046230979366,0,Inf,9
"214",10,10,10,10,10,10,10,10,10,10,10,10,10,10,NA,NA,NA,"AI","walleye pollock",21740,NA,NA,NA,"total_catch_wt_kg ~ 0 + factor(year)","delta_gamma",TRUE,"iid, iid","walleye_pollock","1_1","range",0.49999855079999,NA,NA,NA,10
"215",11,11,11,11,11,11,11,11,11,11,11,11,11,11,NA,NA,NA,"AI","walleye pollock",21740,NA,NA,NA,"total_catch_wt_kg ~ 0 + factor(year)","delta_gamma",TRUE,"iid, iid","walleye_pollock","1_1","sigma_O",0.850283665360468,572.175689088779,0,Inf,11
"216",12,12,12,12,12,12,12,12,12,12,12,12,12,12,NA,NA,NA,"AI","walleye pollock",21740,NA,NA,NA,"total_catch_wt_kg ~ 0 + factor(year)","delta_gamma",TRUE,"iid, iid","walleye_pollock","1_1","sigma_E",0.0439128171353843,NA,NA,NA,12
"217",13,13,13,13,13,13,13,13,13,13,13,13,13,NA,NA,NA,NA,"AI","walleye pollock",21740,NA,NA,NA,"total_catch_wt_kg ~ 0 + factor(year)","delta_gamma",TRUE,"iid, iid","walleye_pollock","02_1","range",2.68908219231264,NA,NA,NA,13
"218",14,14,14,14,14,14,14,14,14,14,14,14,14,NA,NA,NA,NA,"AI","walleye pollock",21740,NA,NA,NA,"total_catch_wt_kg ~ 0 + factor(year)","delta_gamma",TRUE,"iid, iid","walleye_pollock","02_1","sigma_O",0.260713352908812,NA,NA,NA,14
"219",15,15,15,15,15,15,15,15,15,15,15,15,15,NA,NA,NA,NA,"AI","walleye pollock",21740,NA,NA,NA,"total_catch_wt_kg ~ 0 + factor(year)","delta_gamma",TRUE,"iid, iid","walleye_pollock","02_1","sigma_E",0.266383371113388,NA,NA,NA,15
"220",16,16,16,16,16,16,16,16,16,16,16,16,NA,NA,NA,NA,NA,"AI","walleye pollock",21740,NA,NA,NA,"total_catch_wt_kg ~ 0 + factor(year)","delta_gamma",TRUE,"iid, iid","walleye_pollock","02_1","range",2.68908219231264,NA,NA,NA,16
"221",17,17,17,17,17,17,17,17,17,17,17,17,NA,NA,NA,NA,NA,"AI","walleye pollock",21740,NA,NA,NA,"total_catch_wt_kg ~ 0 + factor(year)","delta_gamma",TRUE,"iid, iid","walleye_pollock","02_1","sigma_O",0.260713352908812,NA,NA,NA,17
"222",18,18,18,18,18,18,18,18,18,18,18,18,NA,NA,NA,NA,NA,"AI","walleye pollock",21740,NA,NA,NA,"total_catch_wt_kg ~ 0 + factor(year)","delta_gamma",TRUE,"iid, iid","walleye_pollock","02_1","sigma_E",0.266383371113388,NA,NA,NA,18
"223",19,19,19,19,19,19,19,19,19,19,19,NA,NA,NA,NA,NA,NA,"AI","walleye pollock",21740,NA,NA,NA,"total_catch_wt_kg ~ 0 + factor(year)","delta_gamma",TRUE,"iid, iid","walleye_pollock","02_2","range",2.82196720988131,NA,NA,NA,19
"224",20,20,20,20,20,20,20,20,20,20,20,NA,NA,NA,NA,NA,NA,"AI","walleye pollock",21740,NA,NA,NA,"total_catch_wt_kg ~ 0 + factor(year)","delta_gamma",TRUE,"iid, iid","walleye_pollock","02_2","sigma_O",0.278482080280069,NA,NA,NA,20
"225",21,21,21,21,21,21,21,21,21,21,21,NA,NA,NA,NA,NA,NA,"AI","walleye pollock",21740,NA,NA,NA,"total_catch_wt_kg ~ 0 + factor(year)","delta_gamma",TRUE,"iid, iid","walleye_pollock","02_2","sigma_E",0.281020208201997,NA,NA,NA,21
"226",22,22,22,22,22,22,22,22,22,22,NA,NA,NA,NA,NA,NA,NA,"AI","walleye pollock",21740,NA,NA,NA,"total_catch_wt_kg ~ 0 + factor(year)","delta_gamma",TRUE,"iid, iid","walleye_pollock","02_3","range",2.73846023754884,NA,NA,NA,22
"227",23,23,23,23,23,23,23,23,23,23,NA,NA,NA,NA,NA,NA,NA,"AI","walleye pollock",21740,NA,NA,NA,"total_catch_wt_kg ~ 0 + factor(year)","delta_gamma",TRUE,"iid, iid","walleye_pollock","02_3","sigma_O",0.283565443118871,NA,NA,NA,23
"228",24,24,24,24,24,24,24,24,24,24,NA,NA,NA,NA,NA,NA,NA,"AI","walleye pollock",21740,NA,NA,NA,"total_catch_wt_kg ~ 0 + factor(year)","delta_gamma",TRUE,"iid, iid","walleye_pollock","02_3","sigma_E",0.272161721016296,NA,NA,NA,24
"229",25,25,25,25,25,25,25,25,25,NA,NA,NA,NA,NA,NA,NA,NA,"AI","walleye pollock",21740,NA,NA,NA,"total_catch_wt_kg ~ 0 + factor(year)","delta_gamma",TRUE,"iid, iid","walleye_pollock","04_1","range",3.04752266521539,679.490392744769,4.96516908444284e-190,1.87050918851923e+190,25
"230",26,26,26,26,26,26,26,26,26,NA,NA,NA,NA,NA,NA,NA,NA,"AI","walleye pollock",21740,NA,NA,NA,"total_catch_wt_kg ~ 0 + factor(year)","delta_gamma",TRUE,"iid, iid","walleye_pollock","04_1","sigma_O",0.294802609024592,66.5414719648434,2.18918857882929e-193,3.96989912738267e+191,26
"231",27,27,27,27,27,27,27,27,27,NA,NA,NA,NA,NA,NA,NA,NA,"AI","walleye pollock",21740,NA,NA,NA,"total_catch_wt_kg ~ 0 + factor(year)","delta_gamma",TRUE,"iid, iid","walleye_pollock","04_1","sigma_E",0.30285574868738,67.5072728563849,5.57660678654472e-191,1.64475653428352e+189,27
"232",28,28,28,28,28,28,28,28,NA,NA,NA,NA,NA,NA,NA,NA,NA,"AI","walleye pollock",21740,NA,NA,NA,"total_catch_wt_kg ~ 0 + factor(year)","delta_gamma",TRUE,"iid, iid","walleye_pollock","04_2","range",1.56825024969866,988.165658527049,0,Inf,28
"233",29,29,29,29,29,29,29,29,NA,NA,NA,NA,NA,NA,NA,NA,NA,"AI","walleye pollock",21740,NA,NA,NA,"total_catch_wt_kg ~ 0 + factor(year)","delta_gamma",TRUE,"iid, iid","walleye_pollock","04_2","sigma_O",0.199520529272457,164.670380841874,0,Inf,29
"234",30,30,30,30,30,30,30,30,NA,NA,NA,NA,NA,NA,NA,NA,NA,"AI","walleye pollock",21740,NA,NA,NA,"total_catch_wt_kg ~ 0 + factor(year)","delta_gamma",TRUE,"iid, iid","walleye_pollock","04_2","sigma_E",0.149905718306162,86.9248999815043,0,Inf,30
"235",31,31,31,31,31,31,31,NA,NA,NA,NA,NA,NA,NA,NA,NA,NA,"AI","walleye pollock",21740,NA,NA,NA,"total_catch_wt_kg ~ 0 + factor(year)","delta_gamma",TRUE,"iid, iid","walleye_pollock","04_3","range",1.50306992158397,1357.01063686071,0,Inf,31
"236",32,32,32,32,32,32,32,NA,NA,NA,NA,NA,NA,NA,NA,NA,NA,"AI","walleye pollock",21740,NA,NA,NA,"total_catch_wt_kg ~ 0 + factor(year)","delta_gamma",TRUE,"iid, iid","walleye_pollock","04_3","sigma_O",0.283514781945554,184.563338694912,0,Inf,32
"237",33,33,33,33,33,33,33,NA,NA,NA,NA,NA,NA,NA,NA,NA,NA,"AI","walleye pollock",21740,NA,NA,NA,"total_catch_wt_kg ~ 0 + factor(year)","delta_gamma",TRUE,"iid, iid","walleye_pollock","04_3","sigma_E",0.163102590357923,135.87225226329,0,Inf,33
"238",34,34,34,34,34,34,NA,NA,NA,NA,NA,NA,NA,NA,NA,NA,NA,"AI","walleye pollock",21740,NA,NA,NA,"total_catch_wt_kg ~ 0 + factor(year)","delta_gamma",TRUE,"iid, iid","walleye_pollock","06_1","range",2.13249934402627,919.278293453198,0,Inf,34
"239",35,35,35,35,35,35,NA,NA,NA,NA,NA,NA,NA,NA,NA,NA,NA,"AI","walleye pollock",21740,NA,NA,NA,"total_catch_wt_kg ~ 0 + factor(year)","delta_gamma",TRUE,"iid, iid","walleye_pollock","06_1","sigma_O",0.315151581399206,168.759109246364,0,Inf,35
"240",36,36,36,36,36,36,NA,NA,NA,NA,NA,NA,NA,NA,NA,NA,NA,"AI","walleye pollock",21740,NA,NA,NA,"total_catch_wt_kg ~ 0 + factor(year)","delta_gamma",TRUE,"iid, iid","walleye_pollock","06_1","sigma_E",0.220261465559039,96.0820423592384,0,Inf,36
"241",37,37,37,37,37,NA,NA,NA,NA,NA,NA,NA,NA,NA,NA,NA,NA,"AI","walleye pollock",21740,NA,NA,NA,"total_catch_wt_kg ~ 0 + factor(year)","delta_gamma",TRUE,"iid, iid","walleye_pollock","06_2","range",3.11070283903535,1379.21694823123,0,Inf,37
"242",38,38,38,38,38,NA,NA,NA,NA,NA,NA,NA,NA,NA,NA,NA,NA,"AI","walleye pollock",21740,NA,NA,NA,"total_catch_wt_kg ~ 0 + factor(year)","delta_gamma",TRUE,"iid, iid","walleye_pollock","06_2","sigma_O",0.167903875022538,60.0208225460526,8.80861743373799e-306,3.20046947885439e+303,38
"243",39,39,39,39,39,NA,NA,NA,NA,NA,NA,NA,NA,NA,NA,NA,NA,"AI","walleye pollock",21740,NA,NA,NA,"total_catch_wt_kg ~ 0 + factor(year)","delta_gamma",TRUE,"iid, iid","walleye_pollock","06_2","sigma_E",0.33959623148451,139.745547425164,0,Inf,39
"244",40,40,40,40,NA,NA,NA,NA,NA,NA,NA,NA,NA,NA,NA,NA,NA,"AI","walleye pollock",21740,NA,NA,NA,"total_catch_wt_kg ~ 0 + factor(year)","delta_gamma",TRUE,"iid, iid","walleye_pollock","06_3","range",2.77617222728028,1616.37335290553,0,Inf,40
"245",41,41,41,41,NA,NA,NA,NA,NA,NA,NA,NA,NA,NA,NA,NA,NA,"AI","walleye pollock",21740,NA,NA,NA,"total_catch_wt_kg ~ 0 + factor(year)","delta_gamma",TRUE,"iid, iid","walleye_pollock","06_3","sigma_O",0.283381482172741,182.151837432704,0,Inf,41
"246",42,42,42,42,NA,NA,NA,NA,NA,NA,NA,NA,NA,NA,NA,NA,NA,"AI","walleye pollock",21740,NA,NA,NA,"total_catch_wt_kg ~ 0 + factor(year)","delta_gamma",TRUE,"iid, iid","walleye_pollock","06_3","sigma_E",0.286805204342299,165.906334979768,0,Inf,42
"247",43,43,43,NA,NA,NA,NA,NA,NA,NA,NA,NA,NA,NA,NA,NA,NA,"AI","walleye pollock",21740,NA,NA,NA,"total_catch_wt_kg ~ 0 + factor(year)","delta_gamma",TRUE,"iid, iid","walleye_pollock","08_1","range",2.99575464150864,1877.07851966019,0,Inf,43
"248",44,44,44,NA,NA,NA,NA,NA,NA,NA,NA,NA,NA,NA,NA,NA,NA,"AI","walleye pollock",21740,NA,NA,NA,"total_catch_wt_kg ~ 0 + factor(year)","delta_gamma",TRUE,"iid, iid","walleye_pollock","08_1","sigma_O",0.172579293998713,91.2077261929972,0,Inf,44
"249",45,45,45,NA,NA,NA,NA,NA,NA,NA,NA,NA,NA,NA,NA,NA,NA,"AI","walleye pollock",21740,NA,NA,NA,"total_catch_wt_kg ~ 0 + factor(year)","delta_gamma",TRUE,"iid, iid","walleye_pollock","08_1","sigma_E",0.283959612359331,181.540494700869,0,Inf,45
"250",46,46,NA,NA,NA,NA,NA,NA,NA,NA,NA,NA,NA,NA,NA,NA,NA,"AI","walleye pollock",21740,NA,NA,NA,"total_catch_wt_kg ~ 0 + factor(year)","delta_gamma",TRUE,"iid, iid","walleye_pollock","08_2","range",4.13068536065908,2985.7423371807,0,Inf,46
"251",47,47,NA,NA,NA,NA,NA,NA,NA,NA,NA,NA,NA,NA,NA,NA,NA,"AI","walleye pollock",21740,NA,NA,NA,"total_catch_wt_kg ~ 0 + factor(year)","delta_gamma",TRUE,"iid, iid","walleye_pollock","08_2","sigma_O",0.264143023816086,205.155739290294,0,Inf,47
"252",48,48,NA,NA,NA,NA,NA,NA,NA,NA,NA,NA,NA,NA,NA,NA,NA,"AI","walleye pollock",21740,NA,NA,NA,"total_catch_wt_kg ~ 0 + factor(year)","delta_gamma",TRUE,"iid, iid","walleye_pollock","08_2","sigma_E",0.410388769269189,296.575563154644,0,Inf,48
"253",49,NA,NA,NA,NA,NA,NA,NA,NA,NA,NA,NA,NA,NA,NA,NA,NA,"AI","walleye pollock",21740,NA,NA,NA,"total_catch_wt_kg ~ 0 + factor(year)","delta_gamma",TRUE,"iid, iid","walleye_pollock","08_3","range",2.82698442459821,NA,NA,NA,49
"254",50,NA,NA,NA,NA,NA,NA,NA,NA,NA,NA,NA,NA,NA,NA,NA,NA,"AI","walleye pollock",21740,NA,NA,NA,"total_catch_wt_kg ~ 0 + factor(year)","delta_gamma",TRUE,"iid, iid","walleye_pollock","08_3","sigma_O",0.281879085764378,NA,NA,NA,50
"255",51,NA,NA,NA,NA,NA,NA,NA,NA,NA,NA,NA,NA,NA,NA,NA,NA,"AI","walleye pollock",21740,NA,NA,NA,"total_catch_wt_kg ~ 0 + factor(year)","delta_gamma",TRUE,"iid, iid","walleye_pollock","08_3","sigma_E",0.28187808360263,NA,NA,NA,51
"256",NA,NA,NA,NA,NA,NA,NA,NA,NA,NA,NA,NA,NA,NA,NA,NA,NA,"AI","walleye pollock",21740,NA,NA,NA,"total_catch_wt_kg ~ 0 + factor(year)","delta_gamma",TRUE,"iid, iid","walleye_pollock","1_1","range",14.8396942721559,3622.9563531949,2.28801641215907e-207,9.62477912836494e+208,52
"257",NA,NA,NA,NA,NA,NA,NA,NA,NA,NA,NA,NA,NA,NA,NA,NA,NA,"AI","walleye pollock",21740,NA,NA,NA,"total_catch_wt_kg ~ 0 + factor(year)","delta_gamma",TRUE,"iid, iid","walleye_pollock","1_1","sigma_O",0.0975251245958767,21.6316121007925,1.54136595427261e-190,6.17059816397041e+187,53
"258",NA,NA,NA,NA,NA,NA,NA,NA,NA,NA,NA,NA,NA,NA,NA,NA,NA,"AI","walleye pollock",21740,NA,NA,NA,"total_catch_wt_kg ~ 0 + factor(year)","delta_gamma",TRUE,"iid, iid","walleye_pollock","1_1","sigma_E",1.54291201925282,375.093395220425,1.79850156169766e-207,1.32364494413203e+207,54
