"","X.15","X.14","X.13","X.12","X.11","X.10","X.9","X.8","X.7","X.6","X.5","X.4","X.3","X.2","X.1","X","srvy","common_name","species_code","filter_lat_lt","filter_lat_gt","filter_depth","model_fn","model_family","model_anisotropy","model_spatiotemporal","file_name","effort","term","estimate","std.error","conf.low","conf.high"
"1","1","1","1","1","1","1","1","1","1","1","1","1","1","1","1","1","AI","Pacific cod","21720",NA,NA,NA,"total_catch_wt_kg ~ 0 + factor(year)","delta_gamma","TRUE","iid, iid","pacific_cod","08_3","factor(year)1991","20.3882857362414","1853.84147630555","-3613.0742408692","3653.85081234169"
"2","2","2","2","2","2","2","2","2","2","2","2","2","2","2","2","2","AI","Pacific cod","21720",NA,NA,NA,"total_catch_wt_kg ~ 0 + factor(year)","delta_gamma","TRUE","iid, iid","pacific_cod","08_3","factor(year)1994","19.9248762621547","1288.95979425965","-2506.38989800691","2546.23965053122"
"3","3","3","3","3","3","3","3","3","3","3","3","3","3","3","3","3","AI","Pacific cod","21720",NA,NA,NA,"total_catch_wt_kg ~ 0 + factor(year)","delta_gamma","TRUE","iid, iid","pacific_cod","08_3","factor(year)1997","20.522097498015","1823.62848140909","-3553.72404724528","3594.76824224131"
"4","4","4","4","4","4","4","4","4","4","4","4","4","4","4","4","4","AI","Pacific cod","21720",NA,NA,NA,"total_catch_wt_kg ~ 0 + factor(year)","delta_gamma","TRUE","iid, iid","pacific_cod","08_3","factor(year)2000","20.6397183901547","1916.80187831057","-3736.22292859729","3777.5023653776"
"5","5","5","5","5","5","5","5","5","5","5","5","5","5","5","5","5","AI","Pacific cod","21720",NA,NA,NA,"total_catch_wt_kg ~ 0 + factor(year)","delta_gamma","TRUE","iid, iid","pacific_cod","08_3","factor(year)2002","20.6424144662465","1986.31138425915","-3872.45636076359","3913.74118969608"
"6","6","6","6","6","6","6","6","6","6","6","6","6","6","6","6","6","AI","Pacific cod","21720",NA,NA,NA,"total_catch_wt_kg ~ 0 + factor(year)","delta_gamma","TRUE","iid, iid","pacific_cod","08_3","factor(year)2004","19.895448761275","1392.30167014406","-2708.96568033604","2748.75657785859"
"7","7","7","7","7","7","7","7","7","7","7","7","7","7","7","7","7","AI","Pacific cod","21720",NA,NA,NA,"total_catch_wt_kg ~ 0 + factor(year)","delta_gamma","TRUE","iid, iid","pacific_cod","08_3","factor(year)2006","20.6257520291471","2139.3993756745","-4172.51997284035","4213.77147689864"
"8","8","8","8","8","8","8","8","8","8","8","8","8","8","8","8","8","AI","Pacific cod","21720",NA,NA,NA,"total_catch_wt_kg ~ 0 + factor(year)","delta_gamma","TRUE","iid, iid","pacific_cod","08_3","factor(year)2010","21.0636075283047","2288.47321607506","-4464.26147556335","4506.38869061996"
"9","9","9","9","9","9","9","9","9","9","9","9","9","9","9","9","9","AI","Pacific cod","21720",NA,NA,NA,"total_catch_wt_kg ~ 0 + factor(year)","delta_gamma","TRUE","iid, iid","pacific_cod","08_3","factor(year)2012","20.7536578152646","835.400889514041","-1616.60199828498","1658.10931391551"
"10","10","10","10","10","10","10","10","10","10","10","10","10","10","10","10","10","AI","Pacific cod","21720",NA,NA,NA,"total_catch_wt_kg ~ 0 + factor(year)","delta_gamma","TRUE","iid, iid","pacific_cod","08_3","factor(year)2014","20.6395823567285","1909.32639191196","-3721.57138052252","3762.85054523597"
"11","11","11","11","11","11","11","11","11","11","11","11","11","11","11","11","11","AI","Pacific cod","21720",NA,NA,NA,"total_catch_wt_kg ~ 0 + factor(year)","delta_gamma","TRUE","iid, iid","pacific_cod","08_3","factor(year)2016","20.359997893374","1481.20193816866","-2882.74245474812","2923.46245053487"
"12","12","12","12","12","12","12","12","12","12","12","12","12","12","12","12","12","AI","Pacific cod","21720",NA,NA,NA,"total_catch_wt_kg ~ 0 + factor(year)","delta_gamma","TRUE","iid, iid","pacific_cod","08_3","factor(year)2018","21.3005255218904","2492.69818910224","-4864.29814944671","4906.89920049049"
"13","13","13","13","13","13","13","13","13","13","13","13","13","13","13","13","13","AI","Pacific cod","21720",NA,NA,NA,"total_catch_wt_kg ~ 0 + factor(year)","delta_gamma","TRUE","iid, iid","pacific_cod","08_3","factor(year)2022","20.9818313700586","1443.35561466893","-2807.94319026471","2849.90685300483"
"14","14","14","14","14","14","14","14","14","14","14","14","14","14","14","14","14","AI","Pacific cod","21720",NA,NA,NA,"total_catch_wt_kg ~ 0 + factor(year)","delta_gamma","TRUE","iid, iid","pacific_cod","08_3","factor(year)2024","20.5054624190248","NaN","NaN","NaN"
"15","15","15","15","15","15","15","15","15","15","15","15","15","15","15","15",NA,"AI","Pacific cod","21720",NA,NA,NA,"total_catch_wt_kg ~ 0 + factor(year)","delta_gamma","TRUE","iid, iid","pacific_cod","1_1","factor(year)1991","20.1719839765344","591.664373671344","-1139.46887935475","1179.81284730782"
"16","16","16","16","16","16","16","16","16","16","16","16","16","16","16","16",NA,"AI","Pacific cod","21720",NA,NA,NA,"total_catch_wt_kg ~ 0 + factor(year)","delta_gamma","TRUE","iid, iid","pacific_cod","1_1","factor(year)1994","20.2872970610362","1276.54076721751","-2481.68663148242","2522.26122560449"
"17","17","17","17","17","17","17","17","17","17","17","17","17","17","17","17",NA,"AI","Pacific cod","21720",NA,NA,NA,"total_catch_wt_kg ~ 0 + factor(year)","delta_gamma","TRUE","iid, iid","pacific_cod","1_1","factor(year)1997","20.2486615196807","1507.29751894982","-2934.00018960854","2974.4975126479"
"18","18","18","18","18","18","18","18","18","18","18","18","18","18","18","18",NA,"AI","Pacific cod","21720",NA,NA,NA,"total_catch_wt_kg ~ 0 + factor(year)","delta_gamma","TRUE","iid, iid","pacific_cod","1_1","factor(year)2000","20.276306913061","1537.29691978468","-2992.77028940927","3033.32290323539"
"19","19","19","19","19","19","19","19","19","19","19","19","19","19","19","19",NA,"AI","Pacific cod","21720",NA,NA,NA,"total_catch_wt_kg ~ 0 + factor(year)","delta_gamma","TRUE","iid, iid","pacific_cod","1_1","factor(year)2002","20.2064756908097","1613.25467754975","-3141.71459019747","3182.12754157909"
"20","20","20","20","20","20","20","20","20","20","20","20","20","20","20","20",NA,"AI","Pacific cod","21720",NA,NA,NA,"total_catch_wt_kg ~ 0 + factor(year)","delta_gamma","TRUE","iid, iid","pacific_cod","1_1","factor(year)2004","20.2090519935629","1703.02428750217","-3317.65721630767","3358.0753202948"
"21","21","21","21","21","21","21","21","21","21","21","21","21","21","21","21",NA,"AI","Pacific cod","21720",NA,NA,NA,"total_catch_wt_kg ~ 0 + factor(year)","delta_gamma","TRUE","iid, iid","pacific_cod","1_1","factor(year)2006","20.1414982284354","1565.4217696744","-3048.02879094834","3088.31178740521"
"22","22","22","22","22","22","22","22","22","22","22","22","22","22","22","22",NA,"AI","Pacific cod","21720",NA,NA,NA,"total_catch_wt_kg ~ 0 + factor(year)","delta_gamma","TRUE","iid, iid","pacific_cod","1_1","factor(year)2010","20.2533934334209","1431.95047798185","-2786.31797105593","2826.82475792277"
"23","23","23","23","23","23","23","23","23","23","23","23","23","23","23","23",NA,"AI","Pacific cod","21720",NA,NA,NA,"total_catch_wt_kg ~ 0 + factor(year)","delta_gamma","TRUE","iid, iid","pacific_cod","1_1","factor(year)2012","20.2740716107633","1584.26200985135","-3084.82240977293","3125.37055299445"
"24","24","24","24","24","24","24","24","24","24","24","24","24","24","24","24",NA,"AI","Pacific cod","21720",NA,NA,NA,"total_catch_wt_kg ~ 0 + factor(year)","delta_gamma","TRUE","iid, iid","pacific_cod","1_1","factor(year)2014","20.2486615242418","1491.33552730551","-2902.71526085962","2943.2125839081"
"25","25","25","25","25","25","25","25","25","25","25","25","25","25","25","25",NA,"AI","Pacific cod","21720",NA,NA,NA,"total_catch_wt_kg ~ 0 + factor(year)","delta_gamma","TRUE","iid, iid","pacific_cod","1_1","factor(year)2016","20.3164383967768","1418.23052436429","-2759.3643111326","2799.99718792615"
"26","26","26","26","26","26","26","26","26","26","26","26","26","26","26","26",NA,"AI","Pacific cod","21720",NA,NA,NA,"total_catch_wt_kg ~ 0 + factor(year)","delta_gamma","TRUE","iid, iid","pacific_cod","1_1","factor(year)2018","20.3628226951851","1345.22188569094","-2616.22362447412","2656.94926986449"
"27","27","27","27","27","27","27","27","27","27","27","27","27","27","27","27",NA,"AI","Pacific cod","21720",NA,NA,NA,"total_catch_wt_kg ~ 0 + factor(year)","delta_gamma","TRUE","iid, iid","pacific_cod","1_1","factor(year)2022","20.304240301629","1484.99464157806","-2890.23177442634","2930.8402550296"
"28","28","28","28","28","28","28","28","28","28","28","28","28","28","28","28",NA,"AI","Pacific cod","21720",NA,NA,NA,"total_catch_wt_kg ~ 0 + factor(year)","delta_gamma","TRUE","iid, iid","pacific_cod","1_1","factor(year)2024","20.0722634537039","1410.44448153478","-2744.34812254773","2784.49264945514"
"29","29","29","29","29","29","29","29","29","29","29","29","29","29","29",NA,NA,"AI","Pacific cod","21720",NA,NA,NA,"total_catch_wt_kg ~ 0 + factor(year)","delta_gamma","TRUE","iid, iid","pacific_cod","08_3","factor(year)1991","20.3882857362414","1853.84147630555","-3613.0742408692","3653.85081234169"
"30","30","30","30","30","30","30","30","30","30","30","30","30","30","30",NA,NA,"AI","Pacific cod","21720",NA,NA,NA,"total_catch_wt_kg ~ 0 + factor(year)","delta_gamma","TRUE","iid, iid","pacific_cod","08_3","factor(year)1994","19.9248762621547","1288.95979425965","-2506.38989800691","2546.23965053122"
"31","31","31","31","31","31","31","31","31","31","31","31","31","31","31",NA,NA,"AI","Pacific cod","21720",NA,NA,NA,"total_catch_wt_kg ~ 0 + factor(year)","delta_gamma","TRUE","iid, iid","pacific_cod","08_3","factor(year)1997","20.522097498015","1823.62848140909","-3553.72404724528","3594.76824224131"
"32","32","32","32","32","32","32","32","32","32","32","32","32","32","32",NA,NA,"AI","Pacific cod","21720",NA,NA,NA,"total_catch_wt_kg ~ 0 + factor(year)","delta_gamma","TRUE","iid, iid","pacific_cod","08_3","factor(year)2000","20.6397183901547","1916.80187831057","-3736.22292859729","3777.5023653776"
"33","33","33","33","33","33","33","33","33","33","33","33","33","33","33",NA,NA,"AI","Pacific cod","21720",NA,NA,NA,"total_catch_wt_kg ~ 0 + factor(year)","delta_gamma","TRUE","iid, iid","pacific_cod","08_3","factor(year)2002","20.6424144662465","1986.31138425915","-3872.45636076359","3913.74118969608"
"34","34","34","34","34","34","34","34","34","34","34","34","34","34","34",NA,NA,"AI","Pacific cod","21720",NA,NA,NA,"total_catch_wt_kg ~ 0 + factor(year)","delta_gamma","TRUE","iid, iid","pacific_cod","08_3","factor(year)2004","19.895448761275","1392.30167014406","-2708.96568033604","2748.75657785859"
"35","35","35","35","35","35","35","35","35","35","35","35","35","35","35",NA,NA,"AI","Pacific cod","21720",NA,NA,NA,"total_catch_wt_kg ~ 0 + factor(year)","delta_gamma","TRUE","iid, iid","pacific_cod","08_3","factor(year)2006","20.6257520291471","2139.3993756745","-4172.51997284035","4213.77147689864"
"36","36","36","36","36","36","36","36","36","36","36","36","36","36","36",NA,NA,"AI","Pacific cod","21720",NA,NA,NA,"total_catch_wt_kg ~ 0 + factor(year)","delta_gamma","TRUE","iid, iid","pacific_cod","08_3","factor(year)2010","21.0636075283047","2288.47321607506","-4464.26147556335","4506.38869061996"
"37","37","37","37","37","37","37","37","37","37","37","37","37","37","37",NA,NA,"AI","Pacific cod","21720",NA,NA,NA,"total_catch_wt_kg ~ 0 + factor(year)","delta_gamma","TRUE","iid, iid","pacific_cod","08_3","factor(year)2012","20.7536578152646","835.400889514041","-1616.60199828498","1658.10931391551"
"38","38","38","38","38","38","38","38","38","38","38","38","38","38","38",NA,NA,"AI","Pacific cod","21720",NA,NA,NA,"total_catch_wt_kg ~ 0 + factor(year)","delta_gamma","TRUE","iid, iid","pacific_cod","08_3","factor(year)2014","20.6395823567285","1909.32639191196","-3721.57138052252","3762.85054523597"
"39","39","39","39","39","39","39","39","39","39","39","39","39","39","39",NA,NA,"AI","Pacific cod","21720",NA,NA,NA,"total_catch_wt_kg ~ 0 + factor(year)","delta_gamma","TRUE","iid, iid","pacific_cod","08_3","factor(year)2016","20.359997893374","1481.20193816866","-2882.74245474812","2923.46245053487"
"40","40","40","40","40","40","40","40","40","40","40","40","40","40","40",NA,NA,"AI","Pacific cod","21720",NA,NA,NA,"total_catch_wt_kg ~ 0 + factor(year)","delta_gamma","TRUE","iid, iid","pacific_cod","08_3","factor(year)2018","21.3005255218904","2492.69818910224","-4864.29814944671","4906.89920049049"
"41","41","41","41","41","41","41","41","41","41","41","41","41","41","41",NA,NA,"AI","Pacific cod","21720",NA,NA,NA,"total_catch_wt_kg ~ 0 + factor(year)","delta_gamma","TRUE","iid, iid","pacific_cod","08_3","factor(year)2022","20.9818313700586","1443.35561466893","-2807.94319026471","2849.90685300483"
"42","42","42","42","42","42","42","42","42","42","42","42","42","42","42",NA,NA,"AI","Pacific cod","21720",NA,NA,NA,"total_catch_wt_kg ~ 0 + factor(year)","delta_gamma","TRUE","iid, iid","pacific_cod","08_3","factor(year)2024","20.5054624190248","NaN","NaN","NaN"
"43","43","43","43","43","43","43","43","43","43","43","43","43","43",NA,NA,NA,"AI","Pacific cod","21720",NA,NA,NA,"total_catch_wt_kg ~ 0 + factor(year)","delta_gamma","TRUE","iid, iid","pacific_cod","1_1","factor(year)1991","20.1719839765344","591.664373671344","-1139.46887935475","1179.81284730782"
"44","44","44","44","44","44","44","44","44","44","44","44","44","44",NA,NA,NA,"AI","Pacific cod","21720",NA,NA,NA,"total_catch_wt_kg ~ 0 + factor(year)","delta_gamma","TRUE","iid, iid","pacific_cod","1_1","factor(year)1994","20.2872970610362","1276.54076721751","-2481.68663148242","2522.26122560449"
"45","45","45","45","45","45","45","45","45","45","45","45","45","45",NA,NA,NA,"AI","Pacific cod","21720",NA,NA,NA,"total_catch_wt_kg ~ 0 + factor(year)","delta_gamma","TRUE","iid, iid","pacific_cod","1_1","factor(year)1997","20.2486615196807","1507.29751894982","-2934.00018960854","2974.4975126479"
"46","46","46","46","46","46","46","46","46","46","46","46","46","46",NA,NA,NA,"AI","Pacific cod","21720",NA,NA,NA,"total_catch_wt_kg ~ 0 + factor(year)","delta_gamma","TRUE","iid, iid","pacific_cod","1_1","factor(year)2000","20.276306913061","1537.29691978468","-2992.77028940927","3033.32290323539"
"47","47","47","47","47","47","47","47","47","47","47","47","47","47",NA,NA,NA,"AI","Pacific cod","21720",NA,NA,NA,"total_catch_wt_kg ~ 0 + factor(year)","delta_gamma","TRUE","iid, iid","pacific_cod","1_1","factor(year)2002","20.2064756908097","1613.25467754975","-3141.71459019747","3182.12754157909"
"48","48","48","48","48","48","48","48","48","48","48","48","48","48",NA,NA,NA,"AI","Pacific cod","21720",NA,NA,NA,"total_catch_wt_kg ~ 0 + factor(year)","delta_gamma","TRUE","iid, iid","pacific_cod","1_1","factor(year)2004","20.2090519935629","1703.02428750217","-3317.65721630767","3358.0753202948"
"49","49","49","49","49","49","49","49","49","49","49","49","49","49",NA,NA,NA,"AI","Pacific cod","21720",NA,NA,NA,"total_catch_wt_kg ~ 0 + factor(year)","delta_gamma","TRUE","iid, iid","pacific_cod","1_1","factor(year)2006","20.1414982284354","1565.4217696744","-3048.02879094834","3088.31178740521"
"50","50","50","50","50","50","50","50","50","50","50","50","50","50",NA,NA,NA,"AI","Pacific cod","21720",NA,NA,NA,"total_catch_wt_kg ~ 0 + factor(year)","delta_gamma","TRUE","iid, iid","pacific_cod","1_1","factor(year)2010","20.2533934334209","1431.95047798185","-2786.31797105593","2826.82475792277"
"51","51","51","51","51","51","51","51","51","51","51","51","51","51",NA,NA,NA,"AI","Pacific cod","21720",NA,NA,NA,"total_catch_wt_kg ~ 0 + factor(year)","delta_gamma","TRUE","iid, iid","pacific_cod","1_1","factor(year)2012","20.2740716107633","1584.26200985135","-3084.82240977293","3125.37055299445"
"52","52","52","52","52","52","52","52","52","52","52","52","52","52",NA,NA,NA,"AI","Pacific cod","21720",NA,NA,NA,"total_catch_wt_kg ~ 0 + factor(year)","delta_gamma","TRUE","iid, iid","pacific_cod","1_1","factor(year)2014","20.2486615242418","1491.33552730551","-2902.71526085962","2943.2125839081"
"53","53","53","53","53","53","53","53","53","53","53","53","53","53",NA,NA,NA,"AI","Pacific cod","21720",NA,NA,NA,"total_catch_wt_kg ~ 0 + factor(year)","delta_gamma","TRUE","iid, iid","pacific_cod","1_1","factor(year)2016","20.3164383967768","1418.23052436429","-2759.3643111326","2799.99718792615"
"54","54","54","54","54","54","54","54","54","54","54","54","54","54",NA,NA,NA,"AI","Pacific cod","21720",NA,NA,NA,"total_catch_wt_kg ~ 0 + factor(year)","delta_gamma","TRUE","iid, iid","pacific_cod","1_1","factor(year)2018","20.3628226951851","1345.22188569094","-2616.22362447412","2656.94926986449"
"55","55","55","55","55","55","55","55","55","55","55","55","55","55",NA,NA,NA,"AI","Pacific cod","21720",NA,NA,NA,"total_catch_wt_kg ~ 0 + factor(year)","delta_gamma","TRUE","iid, iid","pacific_cod","1_1","factor(year)2022","20.304240301629","1484.99464157806","-2890.23177442634","2930.8402550296"
"56","56","56","56","56","56","56","56","56","56","56","56","56","56",NA,NA,NA,"AI","Pacific cod","21720",NA,NA,NA,"total_catch_wt_kg ~ 0 + factor(year)","delta_gamma","TRUE","iid, iid","pacific_cod","1_1","factor(year)2024","20.0722634537039","1410.44448153478","-2744.34812254773","2784.49264945514"
"57","57","57","57","57","57","57","57","57","57","57","57","57",NA,NA,NA,NA,"AI","Pacific cod","21720",NA,NA,NA,"total_catch_wt_kg ~ 0 + factor(year)","delta_gamma","TRUE","iid, iid","pacific_cod","02_1","factor(year)1991","17.1590753496377","800.150454253133","-1551.10699719987","1585.42514789914"
"58","58","58","58","58","58","58","58","58","58","58","58","58",NA,NA,NA,NA,"AI","Pacific cod","21720",NA,NA,NA,"total_catch_wt_kg ~ 0 + factor(year)","delta_gamma","TRUE","iid, iid","pacific_cod","02_1","factor(year)1994","17.5860750406667","847.628591244295","-1643.73543606457","1678.90758614591"
"59","59","59","59","59","59","59","59","59","59","59","59","59",NA,NA,NA,NA,"AI","Pacific cod","21720",NA,NA,NA,"total_catch_wt_kg ~ 0 + factor(year)","delta_gamma","TRUE","iid, iid","pacific_cod","02_1","factor(year)1997","17.1233644813802","671.974230510112","-1299.92192585746","1334.16865482022"
"60","60","60","60","60","60","60","60","60","60","60","60","60",NA,NA,NA,NA,"AI","Pacific cod","21720",NA,NA,NA,"total_catch_wt_kg ~ 0 + factor(year)","delta_gamma","TRUE","iid, iid","pacific_cod","02_1","factor(year)2000","17.0565273159905","720.618490521285","-1395.32976069935","1429.44281533133"
"61","61","61","61","61","61","61","61","61","61","61","61","61",NA,NA,NA,NA,"AI","Pacific cod","21720",NA,NA,NA,"total_catch_wt_kg ~ 0 + factor(year)","delta_gamma","TRUE","iid, iid","pacific_cod","02_1","factor(year)2002","17.9123456858102","1050.58104127765","-2041.18865805898","2077.0133494306"
"62","62","62","62","62","62","62","62","62","62","62","62","62",NA,NA,NA,NA,"AI","Pacific cod","21720",NA,NA,NA,"total_catch_wt_kg ~ 0 + factor(year)","delta_gamma","TRUE","iid, iid","pacific_cod","02_1","factor(year)2004","17.7752372475782","875.097652476494","-1697.3846445619","1732.93511905705"
"63","63","63","63","63","63","63","63","63","63","63","63","63",NA,NA,NA,NA,"AI","Pacific cod","21720",NA,NA,NA,"total_catch_wt_kg ~ 0 + factor(year)","delta_gamma","TRUE","iid, iid","pacific_cod","02_1","factor(year)2006","17.3405040412849","826.863613354328","-1603.28239825985","1637.96340634242"
"64","64","64","64","64","64","64","64","64","64","64","64","64",NA,NA,NA,NA,"AI","Pacific cod","21720",NA,NA,NA,"total_catch_wt_kg ~ 0 + factor(year)","delta_gamma","TRUE","iid, iid","pacific_cod","02_1","factor(year)2010","17.2062419600328","751.465058602867","-1455.63820854187","1490.05069246193"
"65","65","65","65","65","65","65","65","65","65","65","65","65",NA,NA,NA,NA,"AI","Pacific cod","21720",NA,NA,NA,"total_catch_wt_kg ~ 0 + factor(year)","delta_gamma","TRUE","iid, iid","pacific_cod","02_1","factor(year)2012","18.2881074476059","1231.6270502108","-2395.65655335086","2432.23276824607"
"66","66","66","66","66","66","66","66","66","66","66","66","66",NA,NA,NA,NA,"AI","Pacific cod","21720",NA,NA,NA,"total_catch_wt_kg ~ 0 + factor(year)","delta_gamma","TRUE","iid, iid","pacific_cod","02_1","factor(year)2014","18.4431260132175","1213.53691748938","-2360.04552617571","2396.93177820215"
"67","67","67","67","67","67","67","67","67","67","67","67","67",NA,NA,NA,NA,"AI","Pacific cod","21720",NA,NA,NA,"total_catch_wt_kg ~ 0 + factor(year)","delta_gamma","TRUE","iid, iid","pacific_cod","02_1","factor(year)2016","18.1728490203699","1184.38272094771","-2303.1746279487","2339.52032598944"
"68","68","68","68","68","68","68","68","68","68","68","68","68",NA,NA,NA,NA,"AI","Pacific cod","21720",NA,NA,NA,"total_catch_wt_kg ~ 0 + factor(year)","delta_gamma","TRUE","iid, iid","pacific_cod","02_1","factor(year)2018","17.5097797919095","777.527304880796","-1506.41573477094","1541.43529435476"
"69","69","69","69","69","69","69","69","69","69","69","69","69",NA,NA,NA,NA,"AI","Pacific cod","21720",NA,NA,NA,"total_catch_wt_kg ~ 0 + factor(year)","delta_gamma","TRUE","iid, iid","pacific_cod","02_1","factor(year)2022","18.1522242856795","907.464480626878","-1760.44547499235","1796.74992356371"
"70","70","70","70","70","70","70","70","70","70","70","70","70",NA,NA,NA,NA,"AI","Pacific cod","21720",NA,NA,NA,"total_catch_wt_kg ~ 0 + factor(year)","delta_gamma","TRUE","iid, iid","pacific_cod","02_1","factor(year)2024","16.9796816718662","779.492159447406","-1510.7968770764","1544.75624042014"
"71","71","71","71","71","71","71","71","71","71","71","71",NA,NA,NA,NA,NA,"AI","Pacific cod","21720",NA,NA,NA,"total_catch_wt_kg ~ 0 + factor(year)","delta_gamma","TRUE","iid, iid","pacific_cod","02_2","factor(year)1991","18.2253805139943","1166.1439630807","-2267.37478791299","2303.82554894098"
"72","72","72","72","72","72","72","72","72","72","72","72",NA,NA,NA,NA,NA,"AI","Pacific cod","21720",NA,NA,NA,"total_catch_wt_kg ~ 0 + factor(year)","delta_gamma","TRUE","iid, iid","pacific_cod","02_2","factor(year)1994","18.646037518804","1324.96265451367","-2578.23304618858","2615.52512122619"
"73","73","73","73","73","73","73","73","73","73","73","73",NA,NA,NA,NA,NA,"AI","Pacific cod","21720",NA,NA,NA,"total_catch_wt_kg ~ 0 + factor(year)","delta_gamma","TRUE","iid, iid","pacific_cod","02_2","factor(year)1997","18.2270428817992","980.480206807978","-1903.47885001622","1939.93293577982"
"74","74","74","74","74","74","74","74","74","74","74","74",NA,NA,NA,NA,NA,"AI","Pacific cod","21720",NA,NA,NA,"total_catch_wt_kg ~ 0 + factor(year)","delta_gamma","TRUE","iid, iid","pacific_cod","02_2","factor(year)2000","18.2177540275956","1021.59826915302","-1984.07806018079","2020.51356823598"
"75","75","75","75","75","75","75","75","75","75","75","75",NA,NA,NA,NA,NA,"AI","Pacific cod","21720",NA,NA,NA,"total_catch_wt_kg ~ 0 + factor(year)","delta_gamma","TRUE","iid, iid","pacific_cod","02_2","factor(year)2002","18.5971352691353","1286.15950897886","-2502.22918070316","2539.42345124143"
"76","76","76","76","76","76","76","76","76","76","76","76",NA,NA,NA,NA,NA,"AI","Pacific cod","21720",NA,NA,NA,"total_catch_wt_kg ~ 0 + factor(year)","delta_gamma","TRUE","iid, iid","pacific_cod","02_2","factor(year)2004","18.571436281631","1426.30309923764","-2776.93126926201","2814.07414182527"
"77","77","77","77","77","77","77","77","77","77","77","77",NA,NA,NA,NA,NA,"AI","Pacific cod","21720",NA,NA,NA,"total_catch_wt_kg ~ 0 + factor(year)","delta_gamma","TRUE","iid, iid","pacific_cod","02_2","factor(year)2006","17.9281989625866","1019.27708468325","-1979.81817728357","2015.67457520874"
"78","78","78","78","78","78","78","78","78","78","78","78",NA,NA,NA,NA,NA,"AI","Pacific cod","21720",NA,NA,NA,"total_catch_wt_kg ~ 0 + factor(year)","delta_gamma","TRUE","iid, iid","pacific_cod","02_2","factor(year)2010","17.9858560890949","856.030336618138","-1659.80277335615","1695.77448553434"
"79","79","79","79","79","79","79","79","79","79","79","79",NA,NA,NA,NA,NA,"AI","Pacific cod","21720",NA,NA,NA,"total_catch_wt_kg ~ 0 + factor(year)","delta_gamma","TRUE","iid, iid","pacific_cod","02_2","factor(year)2012","18.3198871833844","1079.99769029113","-2098.43668917367","2135.07646354044"
"80","80","80","80","80","80","80","80","80","80","80","80",NA,NA,NA,NA,NA,"AI","Pacific cod","21720",NA,NA,NA,"total_catch_wt_kg ~ 0 + factor(year)","delta_gamma","TRUE","iid, iid","pacific_cod","02_2","factor(year)2014","18.3611338510809","1133.018242344","-2202.31381497003","2239.0360826722"
"81","81","81","81","81","81","81","81","81","81","81","81",NA,NA,NA,NA,NA,"AI","Pacific cod","21720",NA,NA,NA,"total_catch_wt_kg ~ 0 + factor(year)","delta_gamma","TRUE","iid, iid","pacific_cod","02_2","factor(year)2016","18.5675614081162","1184.39983425854","-2302.81345703384","2339.94857985007"
"82","82","82","82","82","82","82","82","82","82","82","82",NA,NA,NA,NA,NA,"AI","Pacific cod","21720",NA,NA,NA,"total_catch_wt_kg ~ 0 + factor(year)","delta_gamma","TRUE","iid, iid","pacific_cod","02_2","factor(year)2018","19.080493064481","1215.2287408447","-2362.7240719691","2400.88505809806"
"83","83","83","83","83","83","83","83","83","83","83","83",NA,NA,NA,NA,NA,"AI","Pacific cod","21720",NA,NA,NA,"total_catch_wt_kg ~ 0 + factor(year)","delta_gamma","TRUE","iid, iid","pacific_cod","02_2","factor(year)2022","17.7678105004288","947.422217839542","-1839.14561461813","1874.68123561899"
"84","84","84","84","84","84","84","84","84","84","84","84",NA,NA,NA,NA,NA,"AI","Pacific cod","21720",NA,NA,NA,"total_catch_wt_kg ~ 0 + factor(year)","delta_gamma","TRUE","iid, iid","pacific_cod","02_2","factor(year)2024","18.289749054663","1293.77633186156","-2517.46526544434","2554.04476355366"
"85","85","85","85","85","85","85","85","85","85","85",NA,NA,NA,NA,NA,NA,"AI","Pacific cod","21720",NA,NA,NA,"total_catch_wt_kg ~ 0 + factor(year)","delta_gamma","TRUE","iid, iid","pacific_cod","02_3","factor(year)1991","17.5599441710518","869.044650206321","-1685.73627119055","1720.85615953265"
"86","86","86","86","86","86","86","86","86","86","86",NA,NA,NA,NA,NA,NA,"AI","Pacific cod","21720",NA,NA,NA,"total_catch_wt_kg ~ 0 + factor(year)","delta_gamma","TRUE","iid, iid","pacific_cod","02_3","factor(year)1994","18.3310997064053","1225.56215432537","-2383.72658358664","2420.38878299945"
"87","87","87","87","87","87","87","87","87","87","87",NA,NA,NA,NA,NA,NA,"AI","Pacific cod","21720",NA,NA,NA,"total_catch_wt_kg ~ 0 + factor(year)","delta_gamma","TRUE","iid, iid","pacific_cod","02_3","factor(year)1997","17.3837376362676","786.966182418396","-1525.04163695477","1559.8091122273"
"88","88","88","88","88","88","88","88","88","88","88",NA,NA,NA,NA,NA,NA,"AI","Pacific cod","21720",NA,NA,NA,"total_catch_wt_kg ~ 0 + factor(year)","delta_gamma","TRUE","iid, iid","pacific_cod","02_3","factor(year)2000","17.343680084977","780.005829612482","-1511.43965368677","1546.12701385673"
"89","89","89","89","89","89","89","89","89","89","89",NA,NA,NA,NA,NA,NA,"AI","Pacific cod","21720",NA,NA,NA,"total_catch_wt_kg ~ 0 + factor(year)","delta_gamma","TRUE","iid, iid","pacific_cod","02_3","factor(year)2002","18.2321558536844","1173.95665084664","-2282.680599217","2319.14491092437"
"90","90","90","90","90","90","90","90","90","90","90",NA,NA,NA,NA,NA,NA,"AI","Pacific cod","21720",NA,NA,NA,"total_catch_wt_kg ~ 0 + factor(year)","delta_gamma","TRUE","iid, iid","pacific_cod","02_3","factor(year)2004","16.6134434392552","549.992835064408","-1061.35270504206","1094.57959192057"
"91","91","91","91","91","91","91","91","91","91","91",NA,NA,NA,NA,NA,NA,"AI","Pacific cod","21720",NA,NA,NA,"total_catch_wt_kg ~ 0 + factor(year)","delta_gamma","TRUE","iid, iid","pacific_cod","02_3","factor(year)2006","17.8118766098235","1027.71489389382","-1996.47230179747","2032.09605501712"
"92","92","92","92","92","92","92","92","92","92","92",NA,NA,NA,NA,NA,NA,"AI","Pacific cod","21720",NA,NA,NA,"total_catch_wt_kg ~ 0 + factor(year)","delta_gamma","TRUE","iid, iid","pacific_cod","02_3","factor(year)2010","17.9243840552497","896.206398825991","-1738.60788035803","1774.45664846853"
"93","93","93","93","93","93","93","93","93","93","93",NA,NA,NA,NA,NA,NA,"AI","Pacific cod","21720",NA,NA,NA,"total_catch_wt_kg ~ 0 + factor(year)","delta_gamma","TRUE","iid, iid","pacific_cod","02_3","factor(year)2012","17.9571259835919","1061.67519443029","-2062.88801837933","2098.80227034651"
"94","94","94","94","94","94","94","94","94","94","94",NA,NA,NA,NA,NA,NA,"AI","Pacific cod","21720",NA,NA,NA,"total_catch_wt_kg ~ 0 + factor(year)","delta_gamma","TRUE","iid, iid","pacific_cod","02_3","factor(year)2014","18.1327578411424","1088.64544812093","-2115.57311240935","2151.83862809163"
"95","95","95","95","95","95","95","95","95","95","95",NA,NA,NA,NA,NA,NA,"AI","Pacific cod","21720",NA,NA,NA,"total_catch_wt_kg ~ 0 + factor(year)","delta_gamma","TRUE","iid, iid","pacific_cod","02_3","factor(year)2016","18.5877742067394","1297.26334892653","-2524.00166815307","2561.17721656655"
"96","96","96","96","96","96","96","96","96","96","96",NA,NA,NA,NA,NA,NA,"AI","Pacific cod","21720",NA,NA,NA,"total_catch_wt_kg ~ 0 + factor(year)","delta_gamma","TRUE","iid, iid","pacific_cod","02_3","factor(year)2018","18.2228246983229","1045.46280631069","-2030.84662284679","2067.29227224344"
"97","97","97","97","97","97","97","97","97","97","97",NA,NA,NA,NA,NA,NA,"AI","Pacific cod","21720",NA,NA,NA,"total_catch_wt_kg ~ 0 + factor(year)","delta_gamma","TRUE","iid, iid","pacific_cod","02_3","factor(year)2022","18.4848531227866","1164.44778314738","-2263.79086372359","2300.76056996916"
"98","98","98","98","98","98","98","98","98","98","98",NA,NA,NA,NA,NA,NA,"AI","Pacific cod","21720",NA,NA,NA,"total_catch_wt_kg ~ 0 + factor(year)","delta_gamma","TRUE","iid, iid","pacific_cod","02_3","factor(year)2024","16.9025204813197","727.946356062601","-1409.84612007855","1443.65116104119"
"99","99","99","99","99","99","99","99","99","99",NA,NA,NA,NA,NA,NA,NA,"AI","Pacific cod","21720",NA,NA,NA,"total_catch_wt_kg ~ 0 + factor(year)","delta_gamma","TRUE","iid, iid","pacific_cod","04_1","factor(year)1991","19.1734578744323","1363.94345660757","-2654.10659402548","2692.45350977435"
"100","100","100","100","100","100","100","100","100","100",NA,NA,NA,NA,NA,NA,NA,"AI","Pacific cod","21720",NA,NA,NA,"total_catch_wt_kg ~ 0 + factor(year)","delta_gamma","TRUE","iid, iid","pacific_cod","04_1","factor(year)1994","18.9528407285108","1129.05677240145","-2193.95776967937","2231.86345113639"
"101","101","101","101","101","101","101","101","101","101",NA,NA,NA,NA,NA,NA,NA,"AI","Pacific cod","21720",NA,NA,NA,"total_catch_wt_kg ~ 0 + factor(year)","delta_gamma","TRUE","iid, iid","pacific_cod","04_1","factor(year)1997","19.1150090439139","1301.53263760701","-2531.84208536925","2570.07210345708"
"102","102","102","102","102","102","102","102","102","102",NA,NA,NA,NA,NA,NA,NA,"AI","Pacific cod","21720",NA,NA,NA,"total_catch_wt_kg ~ 0 + factor(year)","delta_gamma","TRUE","iid, iid","pacific_cod","04_1","factor(year)2000","18.7787875996497","1005.05906786238","-1951.10078774601","1988.6583629453"
"103","103","103","103","103","103","103","103","103","103",NA,NA,NA,NA,NA,NA,NA,"AI","Pacific cod","21720",NA,NA,NA,"total_catch_wt_kg ~ 0 + factor(year)","delta_gamma","TRUE","iid, iid","pacific_cod","04_1","factor(year)2002","18.9501604683339","1201.38561805261","-2335.72238245917","2373.62270339583"
"104","104","104","104","104","104","104","104","104","104",NA,NA,NA,NA,NA,NA,NA,"AI","Pacific cod","21720",NA,NA,NA,"total_catch_wt_kg ~ 0 + factor(year)","delta_gamma","TRUE","iid, iid","pacific_cod","04_1","factor(year)2004","18.5867009078328","1036.32110925198","-2012.56534964464","2049.7387514603"
"105","105","105","105","105","105","105","105","105","105",NA,NA,NA,NA,NA,NA,NA,"AI","Pacific cod","21720",NA,NA,NA,"total_catch_wt_kg ~ 0 + factor(year)","delta_gamma","TRUE","iid, iid","pacific_cod","04_1","factor(year)2006","18.8058136375805","1328.86422068998","-2585.72019925868","2623.33182653384"
"106","106","106","106","106","106","106","106","106","106",NA,NA,NA,NA,NA,NA,NA,"AI","Pacific cod","21720",NA,NA,NA,"total_catch_wt_kg ~ 0 + factor(year)","delta_gamma","TRUE","iid, iid","pacific_cod","04_1","factor(year)2010","18.6682720242019","805.729020012463","-1560.53158849898","1597.86813254738"
"107","107","107","107","107","107","107","107","107","107",NA,NA,NA,NA,NA,NA,NA,"AI","Pacific cod","21720",NA,NA,NA,"total_catch_wt_kg ~ 0 + factor(year)","delta_gamma","TRUE","iid, iid","pacific_cod","04_1","factor(year)2012","18.5179031161657","981.904640126379","-1905.9798277843","1943.01563401663"
"108","108","108","108","108","108","108","108","108","108",NA,NA,NA,NA,NA,NA,NA,"AI","Pacific cod","21720",NA,NA,NA,"total_catch_wt_kg ~ 0 + factor(year)","delta_gamma","TRUE","iid, iid","pacific_cod","04_1","factor(year)2014","18.5900743842078","1036.05021496458","-2012.03103312135","2049.21118188976"
"109","109","109","109","109","109","109","109","109","109",NA,NA,NA,NA,NA,NA,NA,"AI","Pacific cod","21720",NA,NA,NA,"total_catch_wt_kg ~ 0 + factor(year)","delta_gamma","TRUE","iid, iid","pacific_cod","04_1","factor(year)2016","18.7293901801376","1057.23477473758","-2053.41269150885","2090.87147186912"
"110","110","110","110","110","110","110","110","110","110",NA,NA,NA,NA,NA,NA,NA,"AI","Pacific cod","21720",NA,NA,NA,"total_catch_wt_kg ~ 0 + factor(year)","delta_gamma","TRUE","iid, iid","pacific_cod","04_1","factor(year)2018","18.8721780193827","1037.66523092343","-2014.91430259998","2052.65865863875"
"111","111","111","111","111","111","111","111","111","111",NA,NA,NA,NA,NA,NA,NA,"AI","Pacific cod","21720",NA,NA,NA,"total_catch_wt_kg ~ 0 + factor(year)","delta_gamma","TRUE","iid, iid","pacific_cod","04_1","factor(year)2022","18.712888485959","949.776402210992","-1842.81465321361","1880.24043018553"
"112","112","112","112","112","112","112","112","112","112",NA,NA,NA,NA,NA,NA,NA,"AI","Pacific cod","21720",NA,NA,NA,"total_catch_wt_kg ~ 0 + factor(year)","delta_gamma","TRUE","iid, iid","pacific_cod","04_1","factor(year)2024","18.8315234034354","1103.23995906525","-2143.47906266989","2181.14210947676"
"113","113","113","113","113","113","113","113","113",NA,NA,NA,NA,NA,NA,NA,NA,"AI","Pacific cod","21720",NA,NA,NA,"total_catch_wt_kg ~ 0 + factor(year)","delta_gamma","TRUE","iid, iid","pacific_cod","04_2","factor(year)1991","19.8528813624622","1968.37703499482","-3838.09521522313","3877.80097794805"
"114","114","114","114","114","114","114","114","114",NA,NA,NA,NA,NA,NA,NA,NA,"AI","Pacific cod","21720",NA,NA,NA,"total_catch_wt_kg ~ 0 + factor(year)","delta_gamma","TRUE","iid, iid","pacific_cod","04_2","factor(year)1994","19.9855886263715","1802.37363931097","-3512.6018311075","3552.57300836025"
"115","115","115","115","115","115","115","115","115",NA,NA,NA,NA,NA,NA,NA,NA,"AI","Pacific cod","21720",NA,NA,NA,"total_catch_wt_kg ~ 0 + factor(year)","delta_gamma","TRUE","iid, iid","pacific_cod","04_2","factor(year)1997","19.274983367419","1395.50183359762","-2715.85835084352","2754.40831757836"
"116","116","116","116","116","116","116","116","116",NA,NA,NA,NA,NA,NA,NA,NA,"AI","Pacific cod","21720",NA,NA,NA,"total_catch_wt_kg ~ 0 + factor(year)","delta_gamma","TRUE","iid, iid","pacific_cod","04_2","factor(year)2000","19.3202071333649","1278.0334300573","-2485.57928681714","2524.21970108387"
"117","117","117","117","117","117","117","117","117",NA,NA,NA,NA,NA,NA,NA,NA,"AI","Pacific cod","21720",NA,NA,NA,"total_catch_wt_kg ~ 0 + factor(year)","delta_gamma","TRUE","iid, iid","pacific_cod","04_2","factor(year)2002","19.3019422074274","883.082004164643","-1711.50698135072","1750.11086576558"
"118","118","118","118","118","118","118","118","118",NA,NA,NA,NA,NA,NA,NA,NA,"AI","Pacific cod","21720",NA,NA,NA,"total_catch_wt_kg ~ 0 + factor(year)","delta_gamma","TRUE","iid, iid","pacific_cod","04_2","factor(year)2004","19.4526305665612","1576.02466691401","-3069.49895533164","3108.40421646476"
"119","119","119","119","119","119","119","119","119",NA,NA,NA,NA,NA,NA,NA,NA,"AI","Pacific cod","21720",NA,NA,NA,"total_catch_wt_kg ~ 0 + factor(year)","delta_gamma","TRUE","iid, iid","pacific_cod","04_2","factor(year)2006","19.2674001552108","1411.78195283147","-2747.77438141809","2786.30918172851"
"120","120","120","120","120","120","120","120","120",NA,NA,NA,NA,NA,NA,NA,NA,"AI","Pacific cod","21720",NA,NA,NA,"total_catch_wt_kg ~ 0 + factor(year)","delta_gamma","TRUE","iid, iid","pacific_cod","04_2","factor(year)2010","19.0302337388239","1215.05584664821","-2362.43546489649","2400.49593237414"
"121","121","121","121","121","121","121","121","121",NA,NA,NA,NA,NA,NA,NA,NA,"AI","Pacific cod","21720",NA,NA,NA,"total_catch_wt_kg ~ 0 + factor(year)","delta_gamma","TRUE","iid, iid","pacific_cod","04_2","factor(year)2012","19.673448017769","1406.99140656165","-2737.97903540042","2777.32593143596"
"122","122","122","122","122","122","122","122","122",NA,NA,NA,NA,NA,NA,NA,NA,"AI","Pacific cod","21720",NA,NA,NA,"total_catch_wt_kg ~ 0 + factor(year)","delta_gamma","TRUE","iid, iid","pacific_cod","04_2","factor(year)2014","19.5869578082899","1499.09318703192","-2918.58169824365","2957.75561386023"
"123","123","123","123","123","123","123","123","123",NA,NA,NA,NA,NA,NA,NA,NA,"AI","Pacific cod","21720",NA,NA,NA,"total_catch_wt_kg ~ 0 + factor(year)","delta_gamma","TRUE","iid, iid","pacific_cod","04_2","factor(year)2016","19.3672084264931","979.302415626619","-1900.03025617476","1938.76467302774"
"124","124","124","124","124","124","124","124","124",NA,NA,NA,NA,NA,NA,NA,NA,"AI","Pacific cod","21720",NA,NA,NA,"total_catch_wt_kg ~ 0 + factor(year)","delta_gamma","TRUE","iid, iid","pacific_cod","04_2","factor(year)2018","19.4539821792948","1351.33932811143","-2629.12243181166","2668.03039617025"
"125","125","125","125","125","125","125","125","125",NA,NA,NA,NA,NA,NA,NA,NA,"AI","Pacific cod","21720",NA,NA,NA,"total_catch_wt_kg ~ 0 + factor(year)","delta_gamma","TRUE","iid, iid","pacific_cod","04_2","factor(year)2022","19.9727508880509","1904.74812808243","-3713.2649797736","3753.2104815497"
"126","126","126","126","126","126","126","126","126",NA,NA,NA,NA,NA,NA,NA,NA,"AI","Pacific cod","21720",NA,NA,NA,"total_catch_wt_kg ~ 0 + factor(year)","delta_gamma","TRUE","iid, iid","pacific_cod","04_2","factor(year)2024","18.8779841814333","1333.11626637654","-2593.98188512109","2631.73785348395"
"127","127","127","127","127","127","127","127",NA,NA,NA,NA,NA,NA,NA,NA,NA,"AI","Pacific cod","21720",NA,NA,NA,"total_catch_wt_kg ~ 0 + factor(year)","delta_gamma","TRUE","iid, iid","pacific_cod","04_3","factor(year)1991","18.1889892939643","845.871967923393","-1639.68960336791","1676.06758195583"
"128","128","128","128","128","128","128","128",NA,NA,NA,NA,NA,NA,NA,NA,NA,"AI","Pacific cod","21720",NA,NA,NA,"total_catch_wt_kg ~ 0 + factor(year)","delta_gamma","TRUE","iid, iid","pacific_cod","04_3","factor(year)1994","18.7669896361552","1015.42961319453","-1971.43848106056","2008.97246033287"
"129","129","129","129","129","129","129","129",NA,NA,NA,NA,NA,NA,NA,NA,NA,"AI","Pacific cod","21720",NA,NA,NA,"total_catch_wt_kg ~ 0 + factor(year)","delta_gamma","TRUE","iid, iid","pacific_cod","04_3","factor(year)1997","18.5616126612215","845.12484529842","-1637.85264656367","1674.97587188611"
"130","130","130","130","130","130","130","130",NA,NA,NA,NA,NA,NA,NA,NA,NA,"AI","Pacific cod","21720",NA,NA,NA,"total_catch_wt_kg ~ 0 + factor(year)","delta_gamma","TRUE","iid, iid","pacific_cod","04_3","factor(year)2000","18.5385980106097","932.250299445164","-1808.63841347859","1845.71560949981"
"131","131","131","131","131","131","131","131",NA,NA,NA,NA,NA,NA,NA,NA,NA,"AI","Pacific cod","21720",NA,NA,NA,"total_catch_wt_kg ~ 0 + factor(year)","delta_gamma","TRUE","iid, iid","pacific_cod","04_3","factor(year)2002","18.2830302912826","914.322622985204","-1773.75638100991","1810.32244159248"
"132","132","132","132","132","132","132","132",NA,NA,NA,NA,NA,NA,NA,NA,NA,"AI","Pacific cod","21720",NA,NA,NA,"total_catch_wt_kg ~ 0 + factor(year)","delta_gamma","TRUE","iid, iid","pacific_cod","04_3","factor(year)2004","18.4924583726001","985.906470354801","-1913.84871564782","1950.83363239302"
"133","133","133","133","133","133","133","133",NA,NA,NA,NA,NA,NA,NA,NA,NA,"AI","Pacific cod","21720",NA,NA,NA,"total_catch_wt_kg ~ 0 + factor(year)","delta_gamma","TRUE","iid, iid","pacific_cod","04_3","factor(year)2006","18.16538187222","876.766378624906","-1700.2651430882","1736.59590683264"
"134","134","134","134","134","134","134","134",NA,NA,NA,NA,NA,NA,NA,NA,NA,"AI","Pacific cod","21720",NA,NA,NA,"total_catch_wt_kg ~ 0 + factor(year)","delta_gamma","TRUE","iid, iid","pacific_cod","04_3","factor(year)2010","18.3064463880007","639.446680398047","-1234.98601722587","1271.59891000187"
"135","135","135","135","135","135","135","135",NA,NA,NA,NA,NA,NA,NA,NA,NA,"AI","Pacific cod","21720",NA,NA,NA,"total_catch_wt_kg ~ 0 + factor(year)","delta_gamma","TRUE","iid, iid","pacific_cod","04_3","factor(year)2012","18.3997413948339","882.486351650248","-1711.2417246878","1748.04120747747"
"136","136","136","136","136","136","136","136",NA,NA,NA,NA,NA,NA,NA,NA,NA,"AI","Pacific cod","21720",NA,NA,NA,"total_catch_wt_kg ~ 0 + factor(year)","delta_gamma","TRUE","iid, iid","pacific_cod","04_3","factor(year)2014","18.3764722753153","961.666123493488","-1866.45449492417","1903.2074394748"
"137","137","137","137","137","137","137","137",NA,NA,NA,NA,NA,NA,NA,NA,NA,"AI","Pacific cod","21720",NA,NA,NA,"total_catch_wt_kg ~ 0 + factor(year)","delta_gamma","TRUE","iid, iid","pacific_cod","04_3","factor(year)2016","18.834693795828","911.203595787543","-1767.09153653115","1804.76092412281"
"138","138","138","138","138","138","138","138",NA,NA,NA,NA,NA,NA,NA,NA,NA,"AI","Pacific cod","21720",NA,NA,NA,"total_catch_wt_kg ~ 0 + factor(year)","delta_gamma","TRUE","iid, iid","pacific_cod","04_3","factor(year)2018","18.8795994299452","1040.33580892075","-2020.14111788206","2057.90031674195"
"139","139","139","139","139","139","139","139",NA,NA,NA,NA,NA,NA,NA,NA,NA,"AI","Pacific cod","21720",NA,NA,NA,"total_catch_wt_kg ~ 0 + factor(year)","delta_gamma","TRUE","iid, iid","pacific_cod","04_3","factor(year)2022","18.6304285943481","1019.42064475511","-1979.39732022227","2016.65817741096"
"140","140","140","140","140","140","140","140",NA,NA,NA,NA,NA,NA,NA,NA,NA,"AI","Pacific cod","21720",NA,NA,NA,"total_catch_wt_kg ~ 0 + factor(year)","delta_gamma","TRUE","iid, iid","pacific_cod","04_3","factor(year)2024","17.8786486796256","797.802330816599","-1545.78518650302","1581.54248386227"
"141","141","141","141","141","141","141",NA,NA,NA,NA,NA,NA,NA,NA,NA,NA,"AI","Pacific cod","21720",NA,NA,NA,"total_catch_wt_kg ~ 0 + factor(year)","delta_gamma","TRUE","iid, iid","pacific_cod","06_1","factor(year)1991","19.4604122362106","1285.54488772561","-2500.16126821557","2539.08209268799"
"142","142","142","142","142","142","142",NA,NA,NA,NA,NA,NA,NA,NA,NA,NA,"AI","Pacific cod","21720",NA,NA,NA,"total_catch_wt_kg ~ 0 + factor(year)","delta_gamma","TRUE","iid, iid","pacific_cod","06_1","factor(year)1994","20.2449644473114","1451.78038887112","-2825.19231120165","2865.68224009627"
"143","143","143","143","143","143","143",NA,NA,NA,NA,NA,NA,NA,NA,NA,NA,"AI","Pacific cod","21720",NA,NA,NA,"total_catch_wt_kg ~ 0 + factor(year)","delta_gamma","TRUE","iid, iid","pacific_cod","06_1","factor(year)1997","19.5794527144808","1358.27375541364","-2642.58818904222","2681.74709447119"
"144","144","144","144","144","144","144",NA,NA,NA,NA,NA,NA,NA,NA,NA,NA,"AI","Pacific cod","21720",NA,NA,NA,"total_catch_wt_kg ~ 0 + factor(year)","delta_gamma","TRUE","iid, iid","pacific_cod","06_1","factor(year)2000","19.6465664146813","1380.66025934962","-2686.3978167963","2725.69094962566"
"145","145","145","145","145","145","145",NA,NA,NA,NA,NA,NA,NA,NA,NA,NA,"AI","Pacific cod","21720",NA,NA,NA,"total_catch_wt_kg ~ 0 + factor(year)","delta_gamma","TRUE","iid, iid","pacific_cod","06_1","factor(year)2002","19.6450181884918","1347.80515189247","-2622.00453769829","2661.29457407527"
"146","146","146","146","146","146","146",NA,NA,NA,NA,NA,NA,NA,NA,NA,NA,"AI","Pacific cod","21720",NA,NA,NA,"total_catch_wt_kg ~ 0 + factor(year)","delta_gamma","TRUE","iid, iid","pacific_cod","06_1","factor(year)2004","18.6096322914728","857.261071202473","-1661.5911926136","1698.81045719655"
"147","147","147","147","147","147","147",NA,NA,NA,NA,NA,NA,NA,NA,NA,NA,"AI","Pacific cod","21720",NA,NA,NA,"total_catch_wt_kg ~ 0 + factor(year)","delta_gamma","TRUE","iid, iid","pacific_cod","06_1","factor(year)2006","19.4211716436809","1312.65342067985","-2553.33225707214","2592.1746003595"
"148","148","148","148","148","148","148",NA,NA,NA,NA,NA,NA,NA,NA,NA,NA,"AI","Pacific cod","21720",NA,NA,NA,"total_catch_wt_kg ~ 0 + factor(year)","delta_gamma","TRUE","iid, iid","pacific_cod","06_1","factor(year)2010","19.39645029833","1200.7010683917","-2333.93439994816","2372.72730054482"
"149","149","149","149","149","149","149",NA,NA,NA,NA,NA,NA,NA,NA,NA,NA,"AI","Pacific cod","21720",NA,NA,NA,"total_catch_wt_kg ~ 0 + factor(year)","delta_gamma","TRUE","iid, iid","pacific_cod","06_1","factor(year)2012","19.3636526856909","1084.99911822965","-2107.19554230214","2145.92284767353"
"150","150","150","150","150","150","150",NA,NA,NA,NA,NA,NA,NA,NA,NA,NA,"AI","Pacific cod","21720",NA,NA,NA,"total_catch_wt_kg ~ 0 + factor(year)","delta_gamma","TRUE","iid, iid","pacific_cod","06_1","factor(year)2014","19.7653308203713","1444.4822708811","-2811.36789641322","2850.89855805396"
"151","151","151","151","151","151","151",NA,NA,NA,NA,NA,NA,NA,NA,NA,NA,"AI","Pacific cod","21720",NA,NA,NA,"total_catch_wt_kg ~ 0 + factor(year)","delta_gamma","TRUE","iid, iid","pacific_cod","06_1","factor(year)2016","19.9271053869101","1464.3417458057","-2850.12997745076","2889.98418822458"
"152","152","152","152","152","152","152",NA,NA,NA,NA,NA,NA,NA,NA,NA,NA,"AI","Pacific cod","21720",NA,NA,NA,"total_catch_wt_kg ~ 0 + factor(year)","delta_gamma","TRUE","iid, iid","pacific_cod","06_1","factor(year)2018","20.0232768821274","1485.60645060628","-2891.71186150656","2931.75841527082"
"153","153","153","153","153","153","153",NA,NA,NA,NA,NA,NA,NA,NA,NA,NA,"AI","Pacific cod","21720",NA,NA,NA,"total_catch_wt_kg ~ 0 + factor(year)","delta_gamma","TRUE","iid, iid","pacific_cod","06_1","factor(year)2022","20.6972625939141","2079.86826548484","-4055.76963034416","4097.16415553199"
"154","154","154","154","154","154","154",NA,NA,NA,NA,NA,NA,NA,NA,NA,NA,"AI","Pacific cod","21720",NA,NA,NA,"total_catch_wt_kg ~ 0 + factor(year)","delta_gamma","TRUE","iid, iid","pacific_cod","06_1","factor(year)2024","19.7724847842866","1558.6832282845","-3035.19050595995","3074.73547552852"
"155","155","155","155","155","155",NA,NA,NA,NA,NA,NA,NA,NA,NA,NA,NA,"AI","Pacific cod","21720",NA,NA,NA,"total_catch_wt_kg ~ 0 + factor(year)","delta_gamma","TRUE","iid, iid","pacific_cod","06_2","factor(year)1991","18.9631424032652","1101.81509865382","-2140.55476858067","2178.4810533872"
"156","156","156","156","156","156",NA,NA,NA,NA,NA,NA,NA,NA,NA,NA,NA,"AI","Pacific cod","21720",NA,NA,NA,"total_catch_wt_kg ~ 0 + factor(year)","delta_gamma","TRUE","iid, iid","pacific_cod","06_2","factor(year)1994","19.2217175286225","3077.79874981019","-6013.15298376175","6051.596418819"
"157","157","157","157","157","157",NA,NA,NA,NA,NA,NA,NA,NA,NA,NA,NA,"AI","Pacific cod","21720",NA,NA,NA,"total_catch_wt_kg ~ 0 + factor(year)","delta_gamma","TRUE","iid, iid","pacific_cod","06_2","factor(year)1997","19.0516032820092","1086.8899233867","-2111.21350171541","2149.31670827943"
"158","158","158","158","158","158",NA,NA,NA,NA,NA,NA,NA,NA,NA,NA,NA,"AI","Pacific cod","21720",NA,NA,NA,"total_catch_wt_kg ~ 0 + factor(year)","delta_gamma","TRUE","iid, iid","pacific_cod","06_2","factor(year)2000","18.8583514471765","2177.15874723352","-4248.29438175687","4286.01108465122"
"159","159","159","159","159","159",NA,NA,NA,NA,NA,NA,NA,NA,NA,NA,NA,"AI","Pacific cod","21720",NA,NA,NA,"total_catch_wt_kg ~ 0 + factor(year)","delta_gamma","TRUE","iid, iid","pacific_cod","06_2","factor(year)2002","18.5478446744141","966.968688494984","-1876.67595895368","1913.77164830251"
"160","160","160","160","160","160",NA,NA,NA,NA,NA,NA,NA,NA,NA,NA,NA,"AI","Pacific cod","21720",NA,NA,NA,"total_catch_wt_kg ~ 0 + factor(year)","delta_gamma","TRUE","iid, iid","pacific_cod","06_2","factor(year)2004","18.5142008310173","1444.81242345718","-2813.26611356109","2850.29451522312"
"161","161","161","161","161","161",NA,NA,NA,NA,NA,NA,NA,NA,NA,NA,NA,"AI","Pacific cod","21720",NA,NA,NA,"total_catch_wt_kg ~ 0 + factor(year)","delta_gamma","TRUE","iid, iid","pacific_cod","06_2","factor(year)2006","19.2270297700382","1723.22326433869","-3358.22850565533","3396.68256519541"
"162","162","162","162","162","162",NA,NA,NA,NA,NA,NA,NA,NA,NA,NA,NA,"AI","Pacific cod","21720",NA,NA,NA,"total_catch_wt_kg ~ 0 + factor(year)","delta_gamma","TRUE","iid, iid","pacific_cod","06_2","factor(year)2010","19.5641622220122","2264.25211733265","-4418.28843966854","4457.41676411257"
"163","163","163","163","163","163",NA,NA,NA,NA,NA,NA,NA,NA,NA,NA,NA,"AI","Pacific cod","21720",NA,NA,NA,"total_catch_wt_kg ~ 0 + factor(year)","delta_gamma","TRUE","iid, iid","pacific_cod","06_2","factor(year)2012","19.3694955956526","3485.40255815435","-6811.89399001065","6850.63298120196"
"164","164","164","164","164","164",NA,NA,NA,NA,NA,NA,NA,NA,NA,NA,NA,"AI","Pacific cod","21720",NA,NA,NA,"total_catch_wt_kg ~ 0 + factor(year)","delta_gamma","TRUE","iid, iid","pacific_cod","06_2","factor(year)2014","18.8583453905377","2044.67093838073","-3988.62305407141","4026.33974485249"
"165","165","165","165","165","165",NA,NA,NA,NA,NA,NA,NA,NA,NA,NA,NA,"AI","Pacific cod","21720",NA,NA,NA,"total_catch_wt_kg ~ 0 + factor(year)","delta_gamma","TRUE","iid, iid","pacific_cod","06_2","factor(year)2016","19.6228569928596","2104.09883128179","-4104.33507223226","4143.58078621798"
"166","166","166","166","166","166",NA,NA,NA,NA,NA,NA,NA,NA,NA,NA,NA,"AI","Pacific cod","21720",NA,NA,NA,"total_catch_wt_kg ~ 0 + factor(year)","delta_gamma","TRUE","iid, iid","pacific_cod","06_2","factor(year)2018","19.3320179866947","2062.64665127639","-4023.38113134718","4062.04516732057"
"167","167","167","167","167","167",NA,NA,NA,NA,NA,NA,NA,NA,NA,NA,NA,"AI","Pacific cod","21720",NA,NA,NA,"total_catch_wt_kg ~ 0 + factor(year)","delta_gamma","TRUE","iid, iid","pacific_cod","06_2","factor(year)2022","18.6082613598955","826.945551330756","-1602.17523642401","1639.3917591438"
"168","168","168","168","168","168",NA,NA,NA,NA,NA,NA,NA,NA,NA,NA,NA,"AI","Pacific cod","21720",NA,NA,NA,"total_catch_wt_kg ~ 0 + factor(year)","delta_gamma","TRUE","iid, iid","pacific_cod","06_2","factor(year)2024","19.7556391470253","4380.51811798164","-8565.90210572217","8605.41338401622"
"169","169","169","169","169",NA,NA,NA,NA,NA,NA,NA,NA,NA,NA,NA,NA,"AI","Pacific cod","21720",NA,NA,NA,"total_catch_wt_kg ~ 0 + factor(year)","delta_gamma","TRUE","iid, iid","pacific_cod","06_3","factor(year)1991","19.2975769177277","1201.24584329294","-2335.10101251489","2373.69616635034"
"170","170","170","170","170",NA,NA,NA,NA,NA,NA,NA,NA,NA,NA,NA,NA,"AI","Pacific cod","21720",NA,NA,NA,"total_catch_wt_kg ~ 0 + factor(year)","delta_gamma","TRUE","iid, iid","pacific_cod","06_3","factor(year)1994","19.6379221419713","1334.04751007375","-2595.04715126792","2634.32299555186"
"171","171","171","171","171",NA,NA,NA,NA,NA,NA,NA,NA,NA,NA,NA,NA,"AI","Pacific cod","21720",NA,NA,NA,"total_catch_wt_kg ~ 0 + factor(year)","delta_gamma","TRUE","iid, iid","pacific_cod","06_3","factor(year)1997","19.8241359360668","NaN","NaN","NaN"
"172","172","172","172","172",NA,NA,NA,NA,NA,NA,NA,NA,NA,NA,NA,NA,"AI","Pacific cod","21720",NA,NA,NA,"total_catch_wt_kg ~ 0 + factor(year)","delta_gamma","TRUE","iid, iid","pacific_cod","06_3","factor(year)2000","19.2537305446623","1046.25089373694","-2031.36033997259","2069.86780106191"
"173","173","173","173","173",NA,NA,NA,NA,NA,NA,NA,NA,NA,NA,NA,NA,"AI","Pacific cod","21720",NA,NA,NA,"total_catch_wt_kg ~ 0 + factor(year)","delta_gamma","TRUE","iid, iid","pacific_cod","06_3","factor(year)2002","19.0629162494695","609.960492247386","-1176.43768054773","1214.56351304667"
"174","174","174","174","174",NA,NA,NA,NA,NA,NA,NA,NA,NA,NA,NA,NA,"AI","Pacific cod","21720",NA,NA,NA,"total_catch_wt_kg ~ 0 + factor(year)","delta_gamma","TRUE","iid, iid","pacific_cod","06_3","factor(year)2004","18.8429139932139","821.21037980885","-1590.69985416259","1628.38568214902"
"175","175","175","175","175",NA,NA,NA,NA,NA,NA,NA,NA,NA,NA,NA,NA,"AI","Pacific cod","21720",NA,NA,NA,"total_catch_wt_kg ~ 0 + factor(year)","delta_gamma","TRUE","iid, iid","pacific_cod","06_3","factor(year)2006","20.0113066800202","1577.69954584605","-3072.22298160343","3112.24559496347"
"176","176","176","176","176",NA,NA,NA,NA,NA,NA,NA,NA,NA,NA,NA,NA,"AI","Pacific cod","21720",NA,NA,NA,"total_catch_wt_kg ~ 0 + factor(year)","delta_gamma","TRUE","iid, iid","pacific_cod","06_3","factor(year)2010","19.6064854247279","1137.95019040805","-2210.73490397555","2249.94787482501"
"177","177","177","177","177",NA,NA,NA,NA,NA,NA,NA,NA,NA,NA,NA,NA,"AI","Pacific cod","21720",NA,NA,NA,"total_catch_wt_kg ~ 0 + factor(year)","delta_gamma","TRUE","iid, iid","pacific_cod","06_3","factor(year)2012","19.2576676781336","1005.60019664857","-1951.68250059946","1990.19783595573"
"178","178","178","178","178",NA,NA,NA,NA,NA,NA,NA,NA,NA,NA,NA,NA,"AI","Pacific cod","21720",NA,NA,NA,"total_catch_wt_kg ~ 0 + factor(year)","delta_gamma","TRUE","iid, iid","pacific_cod","06_3","factor(year)2014","19.2498613645725","889.218868880528","-1723.58709601471","1762.08681874385"
"179","179","179","179","179",NA,NA,NA,NA,NA,NA,NA,NA,NA,NA,NA,NA,"AI","Pacific cod","21720",NA,NA,NA,"total_catch_wt_kg ~ 0 + factor(year)","delta_gamma","TRUE","iid, iid","pacific_cod","06_3","factor(year)2016","19.4324618765905","NaN","NaN","NaN"
"180","180","180","180","180",NA,NA,NA,NA,NA,NA,NA,NA,NA,NA,NA,NA,"AI","Pacific cod","21720",NA,NA,NA,"total_catch_wt_kg ~ 0 + factor(year)","delta_gamma","TRUE","iid, iid","pacific_cod","06_3","factor(year)2018","19.7137666764954","1267.85029661999","-2465.22715248711","2504.6546858401"
"181","181","181","181","181",NA,NA,NA,NA,NA,NA,NA,NA,NA,NA,NA,NA,"AI","Pacific cod","21720",NA,NA,NA,"total_catch_wt_kg ~ 0 + factor(year)","delta_gamma","TRUE","iid, iid","pacific_cod","06_3","factor(year)2022","18.5587548124149","685.722940212101","-1325.43351137622","1362.55102100105"
"182","182","182","182","182",NA,NA,NA,NA,NA,NA,NA,NA,NA,NA,NA,NA,"AI","Pacific cod","21720",NA,NA,NA,"total_catch_wt_kg ~ 0 + factor(year)","delta_gamma","TRUE","iid, iid","pacific_cod","06_3","factor(year)2024","19.5584872883236","1407.10603360439","-2738.31866100529","2777.43563558194"
"183","183","183","183",NA,NA,NA,NA,NA,NA,NA,NA,NA,NA,NA,NA,NA,"AI","Pacific cod","21720",NA,NA,NA,"total_catch_wt_kg ~ 0 + factor(year)","delta_gamma","TRUE","iid, iid","pacific_cod","08_1","factor(year)1991","19.6780215059694","1517.65582662749","-2954.87273961127","2994.22878262321"
"184","184","184","184",NA,NA,NA,NA,NA,NA,NA,NA,NA,NA,NA,NA,NA,"AI","Pacific cod","21720",NA,NA,NA,"total_catch_wt_kg ~ 0 + factor(year)","delta_gamma","TRUE","iid, iid","pacific_cod","08_1","factor(year)1994","19.5274875420725","1131.16630068529","-2197.5177223265","2236.57269741064"
"185","185","185","185",NA,NA,NA,NA,NA,NA,NA,NA,NA,NA,NA,NA,NA,"AI","Pacific cod","21720",NA,NA,NA,"total_catch_wt_kg ~ 0 + factor(year)","delta_gamma","TRUE","iid, iid","pacific_cod","08_1","factor(year)1997","19.6195072009172","1598.00229042146","-3112.40742923765","3151.64644363949"
"186","186","186","186",NA,NA,NA,NA,NA,NA,NA,NA,NA,NA,NA,NA,NA,"AI","Pacific cod","21720",NA,NA,NA,"total_catch_wt_kg ~ 0 + factor(year)","delta_gamma","TRUE","iid, iid","pacific_cod","08_1","factor(year)2000","19.1581008434658","1934.5533833752","-3772.49685674202","3810.81305842896"
"187","187","187","187",NA,NA,NA,NA,NA,NA,NA,NA,NA,NA,NA,NA,NA,"AI","Pacific cod","21720",NA,NA,NA,"total_catch_wt_kg ~ 0 + factor(year)","delta_gamma","TRUE","iid, iid","pacific_cod","08_1","factor(year)2002","19.9889696481829","1478.32295188877","-2877.47077357274","2917.44871286911"
"188","188","188","188",NA,NA,NA,NA,NA,NA,NA,NA,NA,NA,NA,NA,NA,"AI","Pacific cod","21720",NA,NA,NA,"total_catch_wt_kg ~ 0 + factor(year)","delta_gamma","TRUE","iid, iid","pacific_cod","08_1","factor(year)2004","19.4453286083929","1141.47836537428","-2217.81115665685","2256.70181387363"
"189","189","189","189",NA,NA,NA,NA,NA,NA,NA,NA,NA,NA,NA,NA,NA,"AI","Pacific cod","21720",NA,NA,NA,"total_catch_wt_kg ~ 0 + factor(year)","delta_gamma","TRUE","iid, iid","pacific_cod","08_1","factor(year)2006","19.4524846923977","2174.73866155612","-4242.95696774444","4281.86193712924"
"190","190","190","190",NA,NA,NA,NA,NA,NA,NA,NA,NA,NA,NA,NA,NA,"AI","Pacific cod","21720",NA,NA,NA,"total_catch_wt_kg ~ 0 + factor(year)","delta_gamma","TRUE","iid, iid","pacific_cod","08_1","factor(year)2010","19.4927487511584","1530.73479962448","-2980.69232839495","3019.67782589727"
"191","191","191","191",NA,NA,NA,NA,NA,NA,NA,NA,NA,NA,NA,NA,NA,"AI","Pacific cod","21720",NA,NA,NA,"total_catch_wt_kg ~ 0 + factor(year)","delta_gamma","TRUE","iid, iid","pacific_cod","08_1","factor(year)2012","19.0501228904368","1667.18922611158","-3248.58071570146","3286.68096148233"
"192","192","192","192",NA,NA,NA,NA,NA,NA,NA,NA,NA,NA,NA,NA,NA,"AI","Pacific cod","21720",NA,NA,NA,"total_catch_wt_kg ~ 0 + factor(year)","delta_gamma","TRUE","iid, iid","pacific_cod","08_1","factor(year)2014","19.4785708006931","1160.28354050255","-2254.63538043893","2293.59252204032"
"193","193","193","193",NA,NA,NA,NA,NA,NA,NA,NA,NA,NA,NA,NA,NA,"AI","Pacific cod","21720",NA,NA,NA,"total_catch_wt_kg ~ 0 + factor(year)","delta_gamma","TRUE","iid, iid","pacific_cod","08_1","factor(year)2016","19.674770131387","3851.12694489534","-7528.39534175525","7567.74488201802"
"194","194","194","194",NA,NA,NA,NA,NA,NA,NA,NA,NA,NA,NA,NA,NA,"AI","Pacific cod","21720",NA,NA,NA,"total_catch_wt_kg ~ 0 + factor(year)","delta_gamma","TRUE","iid, iid","pacific_cod","08_1","factor(year)2018","19.2604622050575","1087.78740067847","-2112.76366596119","2151.28459037131"
"195","195","195","195",NA,NA,NA,NA,NA,NA,NA,NA,NA,NA,NA,NA,NA,"AI","Pacific cod","21720",NA,NA,NA,"total_catch_wt_kg ~ 0 + factor(year)","delta_gamma","TRUE","iid, iid","pacific_cod","08_1","factor(year)2022","19.7144107119037","1538.32889585878","-2995.35482154858","3034.78364297239"
"196","196","196","196",NA,NA,NA,NA,NA,NA,NA,NA,NA,NA,NA,NA,NA,"AI","Pacific cod","21720",NA,NA,NA,"total_catch_wt_kg ~ 0 + factor(year)","delta_gamma","TRUE","iid, iid","pacific_cod","08_1","factor(year)2024","18.7765322151511","1789.04569694174","-3487.68860048703","3525.24166491733"
"197","197","197",NA,NA,NA,NA,NA,NA,NA,NA,NA,NA,NA,NA,NA,NA,"AI","Pacific cod","21720",NA,NA,NA,"total_catch_wt_kg ~ 0 + factor(year)","delta_gamma","TRUE","iid, iid","pacific_cod","08_2","factor(year)1991","19.3947996970352","1148.52237900697","-2231.66769859488","2270.45729798895"
"198","198","198",NA,NA,NA,NA,NA,NA,NA,NA,NA,NA,NA,NA,NA,NA,"AI","Pacific cod","21720",NA,NA,NA,"total_catch_wt_kg ~ 0 + factor(year)","delta_gamma","TRUE","iid, iid","pacific_cod","08_2","factor(year)1994","20.4190355196128","1727.61810026393","-3365.65022003719","3406.48829107642"
"199","199","199",NA,NA,NA,NA,NA,NA,NA,NA,NA,NA,NA,NA,NA,NA,"AI","Pacific cod","21720",NA,NA,NA,"total_catch_wt_kg ~ 0 + factor(year)","delta_gamma","TRUE","iid, iid","pacific_cod","08_2","factor(year)1997","19.514753888539","901.0691943547","-1746.54841462519","1785.57792240227"
"200","200","200",NA,NA,NA,NA,NA,NA,NA,NA,NA,NA,NA,NA,NA,NA,"AI","Pacific cod","21720",NA,NA,NA,"total_catch_wt_kg ~ 0 + factor(year)","delta_gamma","TRUE","iid, iid","pacific_cod","08_2","factor(year)2000","20.2363654909101","1408.74567811441","-2740.85442698979","2781.32715797161"
"201","201","201",NA,NA,NA,NA,NA,NA,NA,NA,NA,NA,NA,NA,NA,NA,"AI","Pacific cod","21720",NA,NA,NA,"total_catch_wt_kg ~ 0 + factor(year)","delta_gamma","TRUE","iid, iid","pacific_cod","08_2","factor(year)2002","19.4840576151888","1175.35555914314","-2284.17050733431","2323.13862256468"
"202","202","202",NA,NA,NA,NA,NA,NA,NA,NA,NA,NA,NA,NA,NA,NA,"AI","Pacific cod","21720",NA,NA,NA,"total_catch_wt_kg ~ 0 + factor(year)","delta_gamma","TRUE","iid, iid","pacific_cod","08_2","factor(year)2004","19.5065558878181","1138.28213425727","-2211.48543150182","2250.49854327746"
"203","203","203",NA,NA,NA,NA,NA,NA,NA,NA,NA,NA,NA,NA,NA,NA,"AI","Pacific cod","21720",NA,NA,NA,"total_catch_wt_kg ~ 0 + factor(year)","delta_gamma","TRUE","iid, iid","pacific_cod","08_2","factor(year)2006","19.8760874365013","1520.89074785631","-2961.01500278205","3000.76717765505"
"204","204","204",NA,NA,NA,NA,NA,NA,NA,NA,NA,NA,NA,NA,NA,NA,"AI","Pacific cod","21720",NA,NA,NA,"total_catch_wt_kg ~ 0 + factor(year)","delta_gamma","TRUE","iid, iid","pacific_cod","08_2","factor(year)2010","20.7417442019932","1841.46804959129","-3588.46931167815","3629.95280008214"
"205","205","205",NA,NA,NA,NA,NA,NA,NA,NA,NA,NA,NA,NA,NA,NA,"AI","Pacific cod","21720",NA,NA,NA,"total_catch_wt_kg ~ 0 + factor(year)","delta_gamma","TRUE","iid, iid","pacific_cod","08_2","factor(year)2012","19.6642989205946","1091.64786241493","-2119.92619521281","2159.254793054"
"206","206","206",NA,NA,NA,NA,NA,NA,NA,NA,NA,NA,NA,NA,NA,NA,"AI","Pacific cod","21720",NA,NA,NA,"total_catch_wt_kg ~ 0 + factor(year)","delta_gamma","TRUE","iid, iid","pacific_cod","08_2","factor(year)2014","19.5781035382936","1125.52765160624","-2186.41555721389","2225.57176429048"
"207","207","207",NA,NA,NA,NA,NA,NA,NA,NA,NA,NA,NA,NA,NA,NA,"AI","Pacific cod","21720",NA,NA,NA,"total_catch_wt_kg ~ 0 + factor(year)","delta_gamma","TRUE","iid, iid","pacific_cod","08_2","factor(year)2016","19.7311141548614","1138.33257171978","-2211.35972884477","2250.8219571545"
"208","208","208",NA,NA,NA,NA,NA,NA,NA,NA,NA,NA,NA,NA,NA,NA,"AI","Pacific cod","21720",NA,NA,NA,"total_catch_wt_kg ~ 0 + factor(year)","delta_gamma","TRUE","iid, iid","pacific_cod","08_2","factor(year)2018","20.0158338766399","1340.87552748755","-2608.05190775011","2648.08357550339"
"209","209","209",NA,NA,NA,NA,NA,NA,NA,NA,NA,NA,NA,NA,NA,NA,"AI","Pacific cod","21720",NA,NA,NA,"total_catch_wt_kg ~ 0 + factor(year)","delta_gamma","TRUE","iid, iid","pacific_cod","08_2","factor(year)2022","18.893667085038","786.985594249392","-1523.56975399562","1561.3570881657"
"210","210","210",NA,NA,NA,NA,NA,NA,NA,NA,NA,NA,NA,NA,NA,NA,"AI","Pacific cod","21720",NA,NA,NA,"total_catch_wt_kg ~ 0 + factor(year)","delta_gamma","TRUE","iid, iid","pacific_cod","08_2","factor(year)2024","19.5288138674231","1353.39488426567","-2633.07641615404","2672.13404388889"
"211","211",NA,NA,NA,NA,NA,NA,NA,NA,NA,NA,NA,NA,NA,NA,NA,"AI","Pacific cod","21720",NA,NA,NA,"total_catch_wt_kg ~ 0 + factor(year)","delta_gamma","TRUE","iid, iid","pacific_cod","08_3","factor(year)1991","19.6259273600223","1215.36354246339","-2362.44284399124","2401.69469871129"
"212","212",NA,NA,NA,NA,NA,NA,NA,NA,NA,NA,NA,NA,NA,NA,NA,"AI","Pacific cod","21720",NA,NA,NA,"total_catch_wt_kg ~ 0 + factor(year)","delta_gamma","TRUE","iid, iid","pacific_cod","08_3","factor(year)1994","20.102246902188","1365.57424803335","-2656.37409745855","2696.57859126293"
"213","213",NA,NA,NA,NA,NA,NA,NA,NA,NA,NA,NA,NA,NA,NA,NA,"AI","Pacific cod","21720",NA,NA,NA,"total_catch_wt_kg ~ 0 + factor(year)","delta_gamma","TRUE","iid, iid","pacific_cod","08_3","factor(year)1997","20.4434529514114","993.643150557978","-1927.06133562714","1967.94824152996"
"214","214",NA,NA,NA,NA,NA,NA,NA,NA,NA,NA,NA,NA,NA,NA,NA,"AI","Pacific cod","21720",NA,NA,NA,"total_catch_wt_kg ~ 0 + factor(year)","delta_gamma","TRUE","iid, iid","pacific_cod","08_3","factor(year)2000","20.4016294569202","1664.23796909431","-3241.44485167201","3282.24811058585"
"215","215",NA,NA,NA,NA,NA,NA,NA,NA,NA,NA,NA,NA,NA,NA,NA,"AI","Pacific cod","21720",NA,NA,NA,"total_catch_wt_kg ~ 0 + factor(year)","delta_gamma","TRUE","iid, iid","pacific_cod","08_3","factor(year)2002","19.9832347356571","1416.49724279213","-2756.3003453372","2796.26681480852"
"216","216",NA,NA,NA,NA,NA,NA,NA,NA,NA,NA,NA,NA,NA,NA,NA,"AI","Pacific cod","21720",NA,NA,NA,"total_catch_wt_kg ~ 0 + factor(year)","delta_gamma","TRUE","iid, iid","pacific_cod","08_3","factor(year)2004","19.3746050324042","1034.61320382274","-2008.43001238976","2047.17922245456"
"217","217",NA,NA,NA,NA,NA,NA,NA,NA,NA,NA,NA,NA,NA,NA,NA,"AI","Pacific cod","21720",NA,NA,NA,"total_catch_wt_kg ~ 0 + factor(year)","delta_gamma","TRUE","iid, iid","pacific_cod","08_3","factor(year)2006","20.0142125408793","1524.38089245397","-2967.71743538993","3007.74586047169"
"218","218",NA,NA,NA,NA,NA,NA,NA,NA,NA,NA,NA,NA,NA,NA,NA,"AI","Pacific cod","21720",NA,NA,NA,"total_catch_wt_kg ~ 0 + factor(year)","delta_gamma","TRUE","iid, iid","pacific_cod","08_3","factor(year)2010","20.6208689537221","1741.67012638305","-3392.98985170638","3434.23158961383"
"219","219",NA,NA,NA,NA,NA,NA,NA,NA,NA,NA,NA,NA,NA,NA,NA,"AI","Pacific cod","21720",NA,NA,NA,"total_catch_wt_kg ~ 0 + factor(year)","delta_gamma","TRUE","iid, iid","pacific_cod","08_3","factor(year)2012","19.9881933372485","1344.22621108086","-2614.64676745598","2654.62315413048"
"220","220",NA,NA,NA,NA,NA,NA,NA,NA,NA,NA,NA,NA,NA,NA,NA,"AI","Pacific cod","21720",NA,NA,NA,"total_catch_wt_kg ~ 0 + factor(year)","delta_gamma","TRUE","iid, iid","pacific_cod","08_3","factor(year)2014","19.4769488177825","1064.62532083388","-2067.15033704603","2106.1042346816"
"221","221",NA,NA,NA,NA,NA,NA,NA,NA,NA,NA,NA,NA,NA,NA,NA,"AI","Pacific cod","21720",NA,NA,NA,"total_catch_wt_kg ~ 0 + factor(year)","delta_gamma","TRUE","iid, iid","pacific_cod","08_3","factor(year)2016","19.7999030025747","1112.14535982781","-2159.96494783328","2199.56475383843"
"222","222",NA,NA,NA,NA,NA,NA,NA,NA,NA,NA,NA,NA,NA,NA,NA,"AI","Pacific cod","21720",NA,NA,NA,"total_catch_wt_kg ~ 0 + factor(year)","delta_gamma","TRUE","iid, iid","pacific_cod","08_3","factor(year)2018","20.3468935512966","1449.59580766289","-2820.80868160822","2861.50246871082"
"223","223",NA,NA,NA,NA,NA,NA,NA,NA,NA,NA,NA,NA,NA,NA,NA,"AI","Pacific cod","21720",NA,NA,NA,"total_catch_wt_kg ~ 0 + factor(year)","delta_gamma","TRUE","iid, iid","pacific_cod","08_3","factor(year)2022","20.0014222089968","1269.13875589403","-2467.46483072728","2507.46767514527"
"224","224",NA,NA,NA,NA,NA,NA,NA,NA,NA,NA,NA,NA,NA,NA,NA,"AI","Pacific cod","21720",NA,NA,NA,"total_catch_wt_kg ~ 0 + factor(year)","delta_gamma","TRUE","iid, iid","pacific_cod","08_3","factor(year)2024","20.2328023779313","1467.19581794433","-2855.41815906075","2895.88376381661"
"225",NA,NA,NA,NA,NA,NA,NA,NA,NA,NA,NA,NA,NA,NA,NA,NA,"AI","Pacific cod","21720",NA,NA,NA,"total_catch_wt_kg ~ 0 + factor(year)","delta_gamma","TRUE","iid, iid","pacific_cod","1_1","factor(year)1991","18.9982499371103","1572.36077309651","-3062.7722360356","3100.76873590982"
"226",NA,NA,NA,NA,NA,NA,NA,NA,NA,NA,NA,NA,NA,NA,NA,NA,"AI","Pacific cod","21720",NA,NA,NA,"total_catch_wt_kg ~ 0 + factor(year)","delta_gamma","TRUE","iid, iid","pacific_cod","1_1","factor(year)1994","19.1523501612126","931.450603810472","-1806.4572866854","1844.76198700782"
"227",NA,NA,NA,NA,NA,NA,NA,NA,NA,NA,NA,NA,NA,NA,NA,NA,"AI","Pacific cod","21720",NA,NA,NA,"total_catch_wt_kg ~ 0 + factor(year)","delta_gamma","TRUE","iid, iid","pacific_cod","1_1","factor(year)1997","19.0994572831794","886.154032838235","-1717.73053183468","1755.92944640104"
"228",NA,NA,NA,NA,NA,NA,NA,NA,NA,NA,NA,NA,NA,NA,NA,NA,"AI","Pacific cod","21720",NA,NA,NA,"total_catch_wt_kg ~ 0 + factor(year)","delta_gamma","TRUE","iid, iid","pacific_cod","1_1","factor(year)2000","19.1371452661947","839.284461135769","-1625.83017134402","1664.10446187641"
"229",NA,NA,NA,NA,NA,NA,NA,NA,NA,NA,NA,NA,NA,NA,NA,NA,"AI","Pacific cod","21720",NA,NA,NA,"total_catch_wt_kg ~ 0 + factor(year)","delta_gamma","TRUE","iid, iid","pacific_cod","1_1","factor(year)2002","19.0432548211742","843.137744016664","-1633.47635745784","1671.56286710019"
"230",NA,NA,NA,NA,NA,NA,NA,NA,NA,NA,NA,NA,NA,NA,NA,NA,"AI","Pacific cod","21720",NA,NA,NA,"total_catch_wt_kg ~ 0 + factor(year)","delta_gamma","TRUE","iid, iid","pacific_cod","1_1","factor(year)2004","19.0466477588933","1144.94488534453","-2225.00409179973","2263.09738731752"
"231",NA,NA,NA,NA,NA,NA,NA,NA,NA,NA,NA,NA,NA,NA,NA,NA,"AI","Pacific cod","21720",NA,NA,NA,"total_catch_wt_kg ~ 0 + factor(year)","delta_gamma","TRUE","iid, iid","pacific_cod","1_1","factor(year)2006","18.9590391370246","987.357284073434","-1916.22567752019","1954.14375579424"
"232",NA,NA,NA,NA,NA,NA,NA,NA,NA,NA,NA,NA,NA,NA,NA,NA,"AI","Pacific cod","21720",NA,NA,NA,"total_catch_wt_kg ~ 0 + factor(year)","delta_gamma","TRUE","iid, iid","pacific_cod","1_1","factor(year)2010","19.1058552491821","840.948465618029","-1629.12285021637","1667.33456071474"
"233",NA,NA,NA,NA,NA,NA,NA,NA,NA,NA,NA,NA,NA,NA,NA,NA,"AI","Pacific cod","21720",NA,NA,NA,"total_catch_wt_kg ~ 0 + factor(year)","delta_gamma","TRUE","iid, iid","pacific_cod","1_1","factor(year)2012","19.1340690091817","961.764598417114","-1865.88990549399","1904.15804351235"
"234",NA,NA,NA,NA,NA,NA,NA,NA,NA,NA,NA,NA,NA,NA,NA,NA,"AI","Pacific cod","21720",NA,NA,NA,"total_catch_wt_kg ~ 0 + factor(year)","delta_gamma","TRUE","iid, iid","pacific_cod","1_1","factor(year)2014","19.0994573755844","937.049843444893","-1817.4844874953","1855.68340224647"
"235",NA,NA,NA,NA,NA,NA,NA,NA,NA,NA,NA,NA,NA,NA,NA,NA,"AI","Pacific cod","21720",NA,NA,NA,"total_catch_wt_kg ~ 0 + factor(year)","delta_gamma","TRUE","iid, iid","pacific_cod","1_1","factor(year)2016","19.1933736475225","715.228822133115","-1382.62935843839","1421.01610573343"
"236",NA,NA,NA,NA,NA,NA,NA,NA,NA,NA,NA,NA,NA,NA,NA,NA,"AI","Pacific cod","21720",NA,NA,NA,"total_catch_wt_kg ~ 0 + factor(year)","delta_gamma","TRUE","iid, iid","pacific_cod","1_1","factor(year)2018","19.2612087301493","816.510434448309","-1581.06983578969","1619.59225324999"
"237",NA,NA,NA,NA,NA,NA,NA,NA,NA,NA,NA,NA,NA,NA,NA,NA,"AI","Pacific cod","21720",NA,NA,NA,"total_catch_wt_kg ~ 0 + factor(year)","delta_gamma","TRUE","iid, iid","pacific_cod","1_1","factor(year)2022","19.1760696908033","787.19800963143","-1523.70367788841","1562.05581727002"
"238",NA,NA,NA,NA,NA,NA,NA,NA,NA,NA,NA,NA,NA,NA,NA,NA,"AI","Pacific cod","21720",NA,NA,NA,"total_catch_wt_kg ~ 0 + factor(year)","delta_gamma","TRUE","iid, iid","pacific_cod","1_1","factor(year)2024","18.871459441957","794.653331211176","-1538.62044992673","1576.36336881064"
