"","X.15","X.14","X.13","X.12","X.11","X.10","X.9","X.8","X.7","X.6","X.5","X.4","X.3","X.2","X.1","X","srvy","common_name","species_code","filter_lat_lt","filter_lat_gt","filter_depth","model_fn","model_family","model_anisotropy","model_spatiotemporal","file_name","effort","year","est","lwr","upr","log_est","se","type"
"1","1","1","1","1","1","1","1","1","1","1","1","1","1","1","1","1","AI","Pacific cod","21720",NA,NA,NA,"total_catch_wt_kg ~ 0 + factor(year)","delta_gamma","TRUE","iid, iid","pacific_cod","08_3","1991","8858936.68475595","7093052.78701434","11064454.4092769","15.9969373023719","0.113426023049844","index"
"2","2","2","2","2","2","2","2","2","2","2","2","2","2","2","2","2","AI","Pacific cod","21720",NA,NA,NA,"total_catch_wt_kg ~ 0 + factor(year)","delta_gamma","TRUE","iid, iid","pacific_cod","08_3","1994","8550485.68535624","6994288.30338267","10452929.917133","15.9614986446044","0.102498938196261","index"
"3","3","3","3","3","3","3","3","3","3","3","3","3","3","3","3","3","AI","Pacific cod","21720",NA,NA,NA,"total_catch_wt_kg ~ 0 + factor(year)","delta_gamma","TRUE","iid, iid","pacific_cod","08_3","1997","3890269.61182991","3045902.65569716","4968706.93632303","15.1739890221466","0.124839624721228","index"
"4","4","4","4","4","4","4","4","4","4","4","4","4","4","4","4","4","AI","Pacific cod","21720",NA,NA,NA,"total_catch_wt_kg ~ 0 + factor(year)","delta_gamma","TRUE","iid, iid","pacific_cod","08_3","2000","4916846.80237528","3765757.9209573","6419791.97427603","15.4081779891821","0.136083257295629","index"
"5","5","5","5","5","5","5","5","5","5","5","5","5","5","5","5","5","AI","Pacific cod","21720",NA,NA,NA,"total_catch_wt_kg ~ 0 + factor(year)","delta_gamma","TRUE","iid, iid","pacific_cod","08_3","2002","3588420.13901705","2735858.46174202","4706661.28170389","15.0932225909069","0.138403954603027","index"
"6","6","6","6","6","6","6","6","6","6","6","6","6","6","6","6","6","AI","Pacific cod","21720",NA,NA,NA,"total_catch_wt_kg ~ 0 + factor(year)","delta_gamma","TRUE","iid, iid","pacific_cod","08_3","2004","4317303.03405645","3287595.2743406","5669525.57492392","15.2781414675932","0.139020172771666","index"
"7","7","7","7","7","7","7","7","7","7","7","7","7","7","7","7","7","AI","Pacific cod","21720",NA,NA,NA,"total_catch_wt_kg ~ 0 + factor(year)","delta_gamma","TRUE","iid, iid","pacific_cod","08_3","2006","3228235.6914035","2384212.20649252","4371047.86682675","14.9874463203916","0.15462886399226","index"
"8","8","8","8","8","8","8","8","8","8","8","8","8","8","8","8","8","AI","Pacific cod","21720",NA,NA,NA,"total_catch_wt_kg ~ 0 + factor(year)","delta_gamma","TRUE","iid, iid","pacific_cod","08_3","2010","3046658.32201798","2338629.82722434","3969044.96088555","14.9295559158147","0.134941328507063","index"
"9","9","9","9","9","9","9","9","9","9","9","9","9","9","9","9","9","AI","Pacific cod","21720",NA,NA,NA,"total_catch_wt_kg ~ 0 + factor(year)","delta_gamma","TRUE","iid, iid","pacific_cod","08_3","2012","2953396.89286044","2233823.26389134","3904764.24332824","14.8984665549661","0.142472725847277","index"
"10","10","10","10","10","10","10","10","10","10","10","10","10","10","10","10","10","AI","Pacific cod","21720",NA,NA,NA,"total_catch_wt_kg ~ 0 + factor(year)","delta_gamma","TRUE","iid, iid","pacific_cod","08_3","2014","4070410.44654684","3043046.38898575","5444623.27729412","15.2192543991515","0.148413301566841","index"
"11","11","11","11","11","11","11","11","11","11","11","11","11","11","11","11","11","AI","Pacific cod","21720",NA,NA,NA,"total_catch_wt_kg ~ 0 + factor(year)","delta_gamma","TRUE","iid, iid","pacific_cod","08_3","2016","3043568.23604535","2312448.45252959","4005843.93452364","14.9285411469195","0.140167723368527","index"
"12","12","12","12","12","12","12","12","12","12","12","12","12","12","12","12","12","AI","Pacific cod","21720",NA,NA,NA,"total_catch_wt_kg ~ 0 + factor(year)","delta_gamma","TRUE","iid, iid","pacific_cod","08_3","2018","3921875.2453322","2993514.68601618","5138142.63607937","15.1820804762912","0.137819747259673","index"
"13","13","13","13","13","13","13","13","13","13","13","13","13","13","13","13","13","AI","Pacific cod","21720",NA,NA,NA,"total_catch_wt_kg ~ 0 + factor(year)","delta_gamma","TRUE","iid, iid","pacific_cod","08_3","2022","3122062.88875793","2344648.29166636","4157244.69891903","14.9540045235952","0.146103989395567","index"
"14","14","14","14","14","14","14","14","14","14","14","14","14","14","14","14","14","AI","Pacific cod","21720",NA,NA,NA,"total_catch_wt_kg ~ 0 + factor(year)","delta_gamma","TRUE","iid, iid","pacific_cod","08_3","2024","2889280.50277386","2083230.60348879","4007209.6721932","14.8765180681148","0.166884518894995","index"
"15","15","15","15","15","15","15","15","15","15","15","15","15","15","15","15",NA,"AI","Pacific cod","21720",NA,NA,NA,"total_catch_wt_kg ~ 0 + factor(year)","delta_gamma","TRUE","iid, iid","pacific_cod","1_1","1991","9400651.95772209","7699537.78420839","11477605.5013944","16.0562896020396","0.101848169975011","index"
"16","16","16","16","16","16","16","16","16","16","16","16","16","16","16","16",NA,"AI","Pacific cod","21720",NA,NA,NA,"total_catch_wt_kg ~ 0 + factor(year)","delta_gamma","TRUE","iid, iid","pacific_cod","1_1","1994","8783318.94784236","7371761.55347152","10465163.7440981","15.9883649064654","0.0893882007467973","index"
"17","17","17","17","17","17","17","17","17","17","17","17","17","17","17","17",NA,"AI","Pacific cod","21720",NA,NA,NA,"total_catch_wt_kg ~ 0 + factor(year)","delta_gamma","TRUE","iid, iid","pacific_cod","1_1","1997","3520438.49233165","2834402.56994203","4372521.85335966","15.074096111501","0.110590997579916","index"
"18","18","18","18","18","18","18","18","18","18","18","18","18","18","18","18",NA,"AI","Pacific cod","21720",NA,NA,NA,"total_catch_wt_kg ~ 0 + factor(year)","delta_gamma","TRUE","iid, iid","pacific_cod","1_1","2000","5985605.17658692","4714009.43937422","7600211.62255886","15.6048680074157","0.12184848518159","index"
"19","19","19","19","19","19","19","19","19","19","19","19","19","19","19","19",NA,"AI","Pacific cod","21720",NA,NA,NA,"total_catch_wt_kg ~ 0 + factor(year)","delta_gamma","TRUE","iid, iid","pacific_cod","1_1","2002","3918827.89250799","3084871.87509764","4978233.35065173","15.1813031600419","0.122085139851048","index"
"20","20","20","20","20","20","20","20","20","20","20","20","20","20","20","20",NA,"AI","Pacific cod","21720",NA,NA,NA,"total_catch_wt_kg ~ 0 + factor(year)","delta_gamma","TRUE","iid, iid","pacific_cod","1_1","2004","4902755.76987819","3835247.53381956","6267395.76184153","15.4053080070081","0.125289787092076","index"
"21","21","21","21","21","21","21","21","21","21","21","21","21","21","21","21",NA,"AI","Pacific cod","21720",NA,NA,NA,"total_catch_wt_kg ~ 0 + factor(year)","delta_gamma","TRUE","iid, iid","pacific_cod","1_1","2006","3553846.03346553","2711963.88092728","4657075.89927793","15.0835409647171","0.137939960702368","index"
"22","22","22","22","22","22","22","22","22","22","22","22","22","22","22","22",NA,"AI","Pacific cod","21720",NA,NA,NA,"total_catch_wt_kg ~ 0 + factor(year)","delta_gamma","TRUE","iid, iid","pacific_cod","1_1","2010","2949528.3531006","2334879.72039264","3725981.01296687","14.8971558352289","0.119229180190536","index"
"23","23","23","23","23","23","23","23","23","23","23","23","23","23","23","23",NA,"AI","Pacific cod","21720",NA,NA,NA,"total_catch_wt_kg ~ 0 + factor(year)","delta_gamma","TRUE","iid, iid","pacific_cod","1_1","2012","2742331.40948202","2134763.07242007","3522817.89796289","14.8243189959446","0.127784373865345","index"
"24","24","24","24","24","24","24","24","24","24","24","24","24","24","24","24",NA,"AI","Pacific cod","21720",NA,NA,NA,"total_catch_wt_kg ~ 0 + factor(year)","delta_gamma","TRUE","iid, iid","pacific_cod","1_1","2014","3630014.82160474","2806555.17751299","4695082.32392809","15.1047472893194","0.131267164888608","index"
"25","25","25","25","25","25","25","25","25","25","25","25","25","25","25","25",NA,"AI","Pacific cod","21720",NA,NA,NA,"total_catch_wt_kg ~ 0 + factor(year)","delta_gamma","TRUE","iid, iid","pacific_cod","1_1","2016","2832644.35376512","2210502.25735293","3629887.28386371","14.8567212339626","0.126528304843972","index"
"26","26","26","26","26","26","26","26","26","26","26","26","26","26","26","26",NA,"AI","Pacific cod","21720",NA,NA,NA,"total_catch_wt_kg ~ 0 + factor(year)","delta_gamma","TRUE","iid, iid","pacific_cod","1_1","2018","4014515.61935569","3156201.86081134","5106243.63357668","15.2054272553343","0.122730487581607","index"
"27","27","27","27","27","27","27","27","27","27","27","27","27","27","27","27",NA,"AI","Pacific cod","21720",NA,NA,NA,"total_catch_wt_kg ~ 0 + factor(year)","delta_gamma","TRUE","iid, iid","pacific_cod","1_1","2022","3127985.06308661","2426512.54406211","4032243.96215711","14.9558996054079","0.129560537839166","index"
"28","28","28","28","28","28","28","28","28","28","28","28","28","28","28","28",NA,"AI","Pacific cod","21720",NA,NA,NA,"total_catch_wt_kg ~ 0 + factor(year)","delta_gamma","TRUE","iid, iid","pacific_cod","1_1","2024","2893146.27252298","2148274.22723751","3896288.12192056","14.8778551435246","0.151880214686947","index"
"29","29","29","29","29","29","29","29","29","29","29","29","29","29","29",NA,NA,"AI","Pacific cod","21720",NA,NA,NA,"total_catch_wt_kg ~ 0 + factor(year)","delta_gamma","TRUE","iid, iid","pacific_cod","08_3","1991","8858936.68475595","7093052.78701434","11064454.4092769","15.9969373023719","0.113426023049844","index"
"30","30","30","30","30","30","30","30","30","30","30","30","30","30","30",NA,NA,"AI","Pacific cod","21720",NA,NA,NA,"total_catch_wt_kg ~ 0 + factor(year)","delta_gamma","TRUE","iid, iid","pacific_cod","08_3","1994","8550485.68535624","6994288.30338267","10452929.917133","15.9614986446044","0.102498938196261","index"
"31","31","31","31","31","31","31","31","31","31","31","31","31","31","31",NA,NA,"AI","Pacific cod","21720",NA,NA,NA,"total_catch_wt_kg ~ 0 + factor(year)","delta_gamma","TRUE","iid, iid","pacific_cod","08_3","1997","3890269.61182991","3045902.65569716","4968706.93632303","15.1739890221466","0.124839624721228","index"
"32","32","32","32","32","32","32","32","32","32","32","32","32","32","32",NA,NA,"AI","Pacific cod","21720",NA,NA,NA,"total_catch_wt_kg ~ 0 + factor(year)","delta_gamma","TRUE","iid, iid","pacific_cod","08_3","2000","4916846.80237528","3765757.9209573","6419791.97427603","15.4081779891821","0.136083257295629","index"
"33","33","33","33","33","33","33","33","33","33","33","33","33","33","33",NA,NA,"AI","Pacific cod","21720",NA,NA,NA,"total_catch_wt_kg ~ 0 + factor(year)","delta_gamma","TRUE","iid, iid","pacific_cod","08_3","2002","3588420.13901705","2735858.46174202","4706661.28170389","15.0932225909069","0.138403954603027","index"
"34","34","34","34","34","34","34","34","34","34","34","34","34","34","34",NA,NA,"AI","Pacific cod","21720",NA,NA,NA,"total_catch_wt_kg ~ 0 + factor(year)","delta_gamma","TRUE","iid, iid","pacific_cod","08_3","2004","4317303.03405645","3287595.2743406","5669525.57492392","15.2781414675932","0.139020172771666","index"
"35","35","35","35","35","35","35","35","35","35","35","35","35","35","35",NA,NA,"AI","Pacific cod","21720",NA,NA,NA,"total_catch_wt_kg ~ 0 + factor(year)","delta_gamma","TRUE","iid, iid","pacific_cod","08_3","2006","3228235.6914035","2384212.20649252","4371047.86682675","14.9874463203916","0.15462886399226","index"
"36","36","36","36","36","36","36","36","36","36","36","36","36","36","36",NA,NA,"AI","Pacific cod","21720",NA,NA,NA,"total_catch_wt_kg ~ 0 + factor(year)","delta_gamma","TRUE","iid, iid","pacific_cod","08_3","2010","3046658.32201798","2338629.82722434","3969044.96088555","14.9295559158147","0.134941328507063","index"
"37","37","37","37","37","37","37","37","37","37","37","37","37","37","37",NA,NA,"AI","Pacific cod","21720",NA,NA,NA,"total_catch_wt_kg ~ 0 + factor(year)","delta_gamma","TRUE","iid, iid","pacific_cod","08_3","2012","2953396.89286044","2233823.26389134","3904764.24332824","14.8984665549661","0.142472725847277","index"
"38","38","38","38","38","38","38","38","38","38","38","38","38","38","38",NA,NA,"AI","Pacific cod","21720",NA,NA,NA,"total_catch_wt_kg ~ 0 + factor(year)","delta_gamma","TRUE","iid, iid","pacific_cod","08_3","2014","4070410.44654684","3043046.38898575","5444623.27729412","15.2192543991515","0.148413301566841","index"
"39","39","39","39","39","39","39","39","39","39","39","39","39","39","39",NA,NA,"AI","Pacific cod","21720",NA,NA,NA,"total_catch_wt_kg ~ 0 + factor(year)","delta_gamma","TRUE","iid, iid","pacific_cod","08_3","2016","3043568.23604535","2312448.45252959","4005843.93452364","14.9285411469195","0.140167723368527","index"
"40","40","40","40","40","40","40","40","40","40","40","40","40","40","40",NA,NA,"AI","Pacific cod","21720",NA,NA,NA,"total_catch_wt_kg ~ 0 + factor(year)","delta_gamma","TRUE","iid, iid","pacific_cod","08_3","2018","3921875.2453322","2993514.68601618","5138142.63607937","15.1820804762912","0.137819747259673","index"
"41","41","41","41","41","41","41","41","41","41","41","41","41","41","41",NA,NA,"AI","Pacific cod","21720",NA,NA,NA,"total_catch_wt_kg ~ 0 + factor(year)","delta_gamma","TRUE","iid, iid","pacific_cod","08_3","2022","3122062.88875793","2344648.29166636","4157244.69891903","14.9540045235952","0.146103989395567","index"
"42","42","42","42","42","42","42","42","42","42","42","42","42","42","42",NA,NA,"AI","Pacific cod","21720",NA,NA,NA,"total_catch_wt_kg ~ 0 + factor(year)","delta_gamma","TRUE","iid, iid","pacific_cod","08_3","2024","2889280.50277386","2083230.60348879","4007209.6721932","14.8765180681148","0.166884518894995","index"
"43","43","43","43","43","43","43","43","43","43","43","43","43","43",NA,NA,NA,"AI","Pacific cod","21720",NA,NA,NA,"total_catch_wt_kg ~ 0 + factor(year)","delta_gamma","TRUE","iid, iid","pacific_cod","1_1","1991","9400651.95772209","7699537.78420839","11477605.5013944","16.0562896020396","0.101848169975011","index"
"44","44","44","44","44","44","44","44","44","44","44","44","44","44",NA,NA,NA,"AI","Pacific cod","21720",NA,NA,NA,"total_catch_wt_kg ~ 0 + factor(year)","delta_gamma","TRUE","iid, iid","pacific_cod","1_1","1994","8783318.94784236","7371761.55347152","10465163.7440981","15.9883649064654","0.0893882007467973","index"
"45","45","45","45","45","45","45","45","45","45","45","45","45","45",NA,NA,NA,"AI","Pacific cod","21720",NA,NA,NA,"total_catch_wt_kg ~ 0 + factor(year)","delta_gamma","TRUE","iid, iid","pacific_cod","1_1","1997","3520438.49233165","2834402.56994203","4372521.85335966","15.074096111501","0.110590997579916","index"
"46","46","46","46","46","46","46","46","46","46","46","46","46","46",NA,NA,NA,"AI","Pacific cod","21720",NA,NA,NA,"total_catch_wt_kg ~ 0 + factor(year)","delta_gamma","TRUE","iid, iid","pacific_cod","1_1","2000","5985605.17658692","4714009.43937422","7600211.62255886","15.6048680074157","0.12184848518159","index"
"47","47","47","47","47","47","47","47","47","47","47","47","47","47",NA,NA,NA,"AI","Pacific cod","21720",NA,NA,NA,"total_catch_wt_kg ~ 0 + factor(year)","delta_gamma","TRUE","iid, iid","pacific_cod","1_1","2002","3918827.89250799","3084871.87509764","4978233.35065173","15.1813031600419","0.122085139851048","index"
"48","48","48","48","48","48","48","48","48","48","48","48","48","48",NA,NA,NA,"AI","Pacific cod","21720",NA,NA,NA,"total_catch_wt_kg ~ 0 + factor(year)","delta_gamma","TRUE","iid, iid","pacific_cod","1_1","2004","4902755.76987819","3835247.53381956","6267395.76184153","15.4053080070081","0.125289787092076","index"
"49","49","49","49","49","49","49","49","49","49","49","49","49","49",NA,NA,NA,"AI","Pacific cod","21720",NA,NA,NA,"total_catch_wt_kg ~ 0 + factor(year)","delta_gamma","TRUE","iid, iid","pacific_cod","1_1","2006","3553846.03346553","2711963.88092728","4657075.89927793","15.0835409647171","0.137939960702368","index"
"50","50","50","50","50","50","50","50","50","50","50","50","50","50",NA,NA,NA,"AI","Pacific cod","21720",NA,NA,NA,"total_catch_wt_kg ~ 0 + factor(year)","delta_gamma","TRUE","iid, iid","pacific_cod","1_1","2010","2949528.3531006","2334879.72039264","3725981.01296687","14.8971558352289","0.119229180190536","index"
"51","51","51","51","51","51","51","51","51","51","51","51","51","51",NA,NA,NA,"AI","Pacific cod","21720",NA,NA,NA,"total_catch_wt_kg ~ 0 + factor(year)","delta_gamma","TRUE","iid, iid","pacific_cod","1_1","2012","2742331.40948202","2134763.07242007","3522817.89796289","14.8243189959446","0.127784373865345","index"
"52","52","52","52","52","52","52","52","52","52","52","52","52","52",NA,NA,NA,"AI","Pacific cod","21720",NA,NA,NA,"total_catch_wt_kg ~ 0 + factor(year)","delta_gamma","TRUE","iid, iid","pacific_cod","1_1","2014","3630014.82160474","2806555.17751299","4695082.32392809","15.1047472893194","0.131267164888608","index"
"53","53","53","53","53","53","53","53","53","53","53","53","53","53",NA,NA,NA,"AI","Pacific cod","21720",NA,NA,NA,"total_catch_wt_kg ~ 0 + factor(year)","delta_gamma","TRUE","iid, iid","pacific_cod","1_1","2016","2832644.35376512","2210502.25735293","3629887.28386371","14.8567212339626","0.126528304843972","index"
"54","54","54","54","54","54","54","54","54","54","54","54","54","54",NA,NA,NA,"AI","Pacific cod","21720",NA,NA,NA,"total_catch_wt_kg ~ 0 + factor(year)","delta_gamma","TRUE","iid, iid","pacific_cod","1_1","2018","4014515.61935569","3156201.86081134","5106243.63357668","15.2054272553343","0.122730487581607","index"
"55","55","55","55","55","55","55","55","55","55","55","55","55","55",NA,NA,NA,"AI","Pacific cod","21720",NA,NA,NA,"total_catch_wt_kg ~ 0 + factor(year)","delta_gamma","TRUE","iid, iid","pacific_cod","1_1","2022","3127985.06308661","2426512.54406211","4032243.96215711","14.9558996054079","0.129560537839166","index"
"56","56","56","56","56","56","56","56","56","56","56","56","56","56",NA,NA,NA,"AI","Pacific cod","21720",NA,NA,NA,"total_catch_wt_kg ~ 0 + factor(year)","delta_gamma","TRUE","iid, iid","pacific_cod","1_1","2024","2893146.27252298","2148274.22723751","3896288.12192056","14.8778551435246","0.151880214686947","index"
"57","57","57","57","57","57","57","57","57","57","57","57","57",NA,NA,NA,NA,"AI","Pacific cod","21720",NA,NA,NA,"total_catch_wt_kg ~ 0 + factor(year)","delta_gamma","TRUE","iid, iid","pacific_cod","02_1","1991","7064533.31750411","4551368.37204305","10965412.3583328","15.770597516364","0.224319953330801","index"
"58","58","58","58","58","58","58","58","58","58","58","58","58",NA,NA,NA,NA,"AI","Pacific cod","21720",NA,NA,NA,"total_catch_wt_kg ~ 0 + factor(year)","delta_gamma","TRUE","iid, iid","pacific_cod","02_1","1994","5729290.74245953","3837881.86686808","8552835.53540414","15.5611023013541","0.204427800360671","index"
"59","59","59","59","59","59","59","59","59","59","59","59","59",NA,NA,NA,NA,"AI","Pacific cod","21720",NA,NA,NA,"total_catch_wt_kg ~ 0 + factor(year)","delta_gamma","TRUE","iid, iid","pacific_cod","02_1","1997","2780315.46522761","1730426.97712461","4467194.62212082","14.8380749559294","0.241941288748848","index"
"60","60","60","60","60","60","60","60","60","60","60","60","60",NA,NA,NA,NA,"AI","Pacific cod","21720",NA,NA,NA,"total_catch_wt_kg ~ 0 + factor(year)","delta_gamma","TRUE","iid, iid","pacific_cod","02_1","2000","4078582.6746841","2521364.19094991","6597554.09152781","15.2212601023728","0.245386878299042","index"
"61","61","61","61","61","61","61","61","61","61","61","61","61",NA,NA,NA,NA,"AI","Pacific cod","21720",NA,NA,NA,"total_catch_wt_kg ~ 0 + factor(year)","delta_gamma","TRUE","iid, iid","pacific_cod","02_1","2002","3908536.81214055","2378649.28153839","6422409.61306311","15.1786736450811","0.253387456719405","index"
"62","62","62","62","62","62","62","62","62","62","62","62","62",NA,NA,NA,NA,"AI","Pacific cod","21720",NA,NA,NA,"total_catch_wt_kg ~ 0 + factor(year)","delta_gamma","TRUE","iid, iid","pacific_cod","02_1","2004","3935506.42366906","2428069.43194439","6378817.09928596","15.1855501288004","0.246404069413734","index"
"63","63","63","63","63","63","63","63","63","63","63","63","63",NA,NA,NA,NA,"AI","Pacific cod","21720",NA,NA,NA,"total_catch_wt_kg ~ 0 + factor(year)","delta_gamma","TRUE","iid, iid","pacific_cod","02_1","2006","2716770.57557096","1570186.57520366","4700614.86758722","14.8149544444939","0.279724240264228","index"
"64","64","64","64","64","64","64","64","64","64","64","64","64",NA,NA,NA,NA,"AI","Pacific cod","21720",NA,NA,NA,"total_catch_wt_kg ~ 0 + factor(year)","delta_gamma","TRUE","iid, iid","pacific_cod","02_1","2010","3313844.65619735","2099574.05116539","5230378.22805644","15.0136196008541","0.232848437579465","index"
"65","65","65","65","65","65","65","65","65","65","65","65","65",NA,NA,NA,NA,"AI","Pacific cod","21720",NA,NA,NA,"total_catch_wt_kg ~ 0 + factor(year)","delta_gamma","TRUE","iid, iid","pacific_cod","02_1","2012","3512924.49617183","2213091.97214892","5576197.76814845","15.0719594383247","0.235748342244525","index"
"66","66","66","66","66","66","66","66","66","66","66","66","66",NA,NA,NA,NA,"AI","Pacific cod","21720",NA,NA,NA,"total_catch_wt_kg ~ 0 + factor(year)","delta_gamma","TRUE","iid, iid","pacific_cod","02_1","2014","3458279.54345097","2143889.69167742","5578504.08399228","15.056281781591","0.243958274381929","index"
"67","67","67","67","67","67","67","67","67","67","67","67","67",NA,NA,NA,NA,"AI","Pacific cod","21720",NA,NA,NA,"total_catch_wt_kg ~ 0 + factor(year)","delta_gamma","TRUE","iid, iid","pacific_cod","02_1","2016","2364242.32158088","1468300.22706581","3806879.3099108","14.6759681571537","0.243041290204676","index"
"68","68","68","68","68","68","68","68","68","68","68","68","68",NA,NA,NA,NA,"AI","Pacific cod","21720",NA,NA,NA,"total_catch_wt_kg ~ 0 + factor(year)","delta_gamma","TRUE","iid, iid","pacific_cod","02_1","2018","3432036.67285491","2154765.88171658","5466429.47327412","15.0486644250967","0.237489970593674","index"
"69","69","69","69","69","69","69","69","69","69","69","69","69",NA,NA,NA,NA,"AI","Pacific cod","21720",NA,NA,NA,"total_catch_wt_kg ~ 0 + factor(year)","delta_gamma","TRUE","iid, iid","pacific_cod","02_1","2022","2188445.618285","1354101.79316835","3536879.02073057","14.5987020864513","0.244929591062263","index"
"70","70","70","70","70","70","70","70","70","70","70","70","70",NA,NA,NA,NA,"AI","Pacific cod","21720",NA,NA,NA,"total_catch_wt_kg ~ 0 + factor(year)","delta_gamma","TRUE","iid, iid","pacific_cod","02_1","2024","3250426.59775276","1794266.13423387","5888353.3862661","14.994296806539","0.303163810042263","index"
"71","71","71","71","71","71","71","71","71","71","71","71",NA,NA,NA,NA,NA,"AI","Pacific cod","21720",NA,NA,NA,"total_catch_wt_kg ~ 0 + factor(year)","delta_gamma","TRUE","iid, iid","pacific_cod","02_2","1991","9933974.97782771","6503090.71816642","15174916.5338311","16.1114712558047","0.216168838912458","index"
"72","72","72","72","72","72","72","72","72","72","72","72",NA,NA,NA,NA,NA,"AI","Pacific cod","21720",NA,NA,NA,"total_catch_wt_kg ~ 0 + factor(year)","delta_gamma","TRUE","iid, iid","pacific_cod","02_2","1994","9379149.82023336","6397038.57492856","13751433.6235444","16.0539996793728","0.195235200145418","index"
"73","73","73","73","73","73","73","73","73","73","73","73",NA,NA,NA,NA,NA,"AI","Pacific cod","21720",NA,NA,NA,"total_catch_wt_kg ~ 0 + factor(year)","delta_gamma","TRUE","iid, iid","pacific_cod","02_2","1997","3613761.39733046","2349866.53644909","5557452.4060289","15.1002597261868","0.219591093547879","index"
"74","74","74","74","74","74","74","74","74","74","74","74",NA,NA,NA,NA,NA,"AI","Pacific cod","21720",NA,NA,NA,"total_catch_wt_kg ~ 0 + factor(year)","delta_gamma","TRUE","iid, iid","pacific_cod","02_2","2000","4049335.51227053","2651651.03434176","6183739.0661798","15.2140633545773","0.21600923390993","index"
"75","75","75","75","75","75","75","75","75","75","75","75",NA,NA,NA,NA,NA,"AI","Pacific cod","21720",NA,NA,NA,"total_catch_wt_kg ~ 0 + factor(year)","delta_gamma","TRUE","iid, iid","pacific_cod","02_2","2002","3264999.7289022","2123985.55526871","5018971.62308279","14.9987702376612","0.219374121388349","index"
"76","76","76","76","76","76","76","76","76","76","76","76",NA,NA,NA,NA,NA,"AI","Pacific cod","21720",NA,NA,NA,"total_catch_wt_kg ~ 0 + factor(year)","delta_gamma","TRUE","iid, iid","pacific_cod","02_2","2004","3074169.68270784","1950256.31792667","4845783.1676848","14.9385454008767","0.232184895984741","index"
"77","77","77","77","77","77","77","77","77","77","77","77",NA,NA,NA,NA,NA,"AI","Pacific cod","21720",NA,NA,NA,"total_catch_wt_kg ~ 0 + factor(year)","delta_gamma","TRUE","iid, iid","pacific_cod","02_2","2006","3367434.17649595","2076460.78190341","5461029.1857467","15.0296616403781","0.246681157894565","index"
"78","78","78","78","78","78","78","78","78","78","78","78",NA,NA,NA,NA,NA,"AI","Pacific cod","21720",NA,NA,NA,"total_catch_wt_kg ~ 0 + factor(year)","delta_gamma","TRUE","iid, iid","pacific_cod","02_2","2010","4164759.23526493","2651489.59317408","6541688.69166133","15.2421690252531","0.230380189710458","index"
"79","79","79","79","79","79","79","79","79","79","79","79",NA,NA,NA,NA,NA,"AI","Pacific cod","21720",NA,NA,NA,"total_catch_wt_kg ~ 0 + factor(year)","delta_gamma","TRUE","iid, iid","pacific_cod","02_2","2012","2435649.57287871","1592923.60600095","3724214.28090803","14.705724043966","0.216658273126636","index"
"80","80","80","80","80","80","80","80","80","80","80","80",NA,NA,NA,NA,NA,"AI","Pacific cod","21720",NA,NA,NA,"total_catch_wt_kg ~ 0 + factor(year)","delta_gamma","TRUE","iid, iid","pacific_cod","02_2","2014","3570575.73472555","2318825.45691887","5498046.88376637","15.0882374109844","0.2202418348059","index"
"81","81","81","81","81","81","81","81","81","81","81","81",NA,NA,NA,NA,NA,"AI","Pacific cod","21720",NA,NA,NA,"total_catch_wt_kg ~ 0 + factor(year)","delta_gamma","TRUE","iid, iid","pacific_cod","02_2","2016","3432519.85758219","2259160.23709033","5215297.42745066","15.0488052017735","0.213423042150211","index"
"82","82","82","82","82","82","82","82","82","82","82","82",NA,NA,NA,NA,NA,"AI","Pacific cod","21720",NA,NA,NA,"total_catch_wt_kg ~ 0 + factor(year)","delta_gamma","TRUE","iid, iid","pacific_cod","02_2","2018","4078265.38286462","2708318.25269111","6141172.11540607","15.2211823047193","0.20885275376934","index"
"83","83","83","83","83","83","83","83","83","83","83","83",NA,NA,NA,NA,NA,"AI","Pacific cod","21720",NA,NA,NA,"total_catch_wt_kg ~ 0 + factor(year)","delta_gamma","TRUE","iid, iid","pacific_cod","02_2","2022","2877304.81076866","1828347.30639831","4528069.11744856","14.872364584356","0.231351995456814","index"
"84","84","84","84","84","84","84","84","84","84","84","84",NA,NA,NA,NA,NA,"AI","Pacific cod","21720",NA,NA,NA,"total_catch_wt_kg ~ 0 + factor(year)","delta_gamma","TRUE","iid, iid","pacific_cod","02_2","2024","3289248.74188697","2031071.72767178","5326821.86384772","15.0061697507356","0.245971659769378","index"
"85","85","85","85","85","85","85","85","85","85","85",NA,NA,NA,NA,NA,NA,"AI","Pacific cod","21720",NA,NA,NA,"total_catch_wt_kg ~ 0 + factor(year)","delta_gamma","TRUE","iid, iid","pacific_cod","02_3","1991","6863948.33841703","4512878.72376212","10439852.1822412","15.7417933936672","0.213956782456167","index"
"86","86","86","86","86","86","86","86","86","86","86",NA,NA,NA,NA,NA,NA,"AI","Pacific cod","21720",NA,NA,NA,"total_catch_wt_kg ~ 0 + factor(year)","delta_gamma","TRUE","iid, iid","pacific_cod","02_3","1994","11344994.9530355","7606934.35922906","16919944.9352742","16.2442872313335","0.203940699696535","index"
"87","87","87","87","87","87","87","87","87","87","87",NA,NA,NA,NA,NA,NA,"AI","Pacific cod","21720",NA,NA,NA,"total_catch_wt_kg ~ 0 + factor(year)","delta_gamma","TRUE","iid, iid","pacific_cod","02_3","1997","3477599.67575489","2263712.26857704","5342419.0312016","15.0618528654185","0.219053129765444","index"
"88","88","88","88","88","88","88","88","88","88","88",NA,NA,NA,NA,NA,NA,"AI","Pacific cod","21720",NA,NA,NA,"total_catch_wt_kg ~ 0 + factor(year)","delta_gamma","TRUE","iid, iid","pacific_cod","02_3","2000","5806550.93668998","3672135.36917025","9181587.92931256","15.5744973099863","0.233786650323774","index"
"89","89","89","89","89","89","89","89","89","89","89",NA,NA,NA,NA,NA,NA,"AI","Pacific cod","21720",NA,NA,NA,"total_catch_wt_kg ~ 0 + factor(year)","delta_gamma","TRUE","iid, iid","pacific_cod","02_3","2002","3898295.32558434","2458057.08398023","6182405.82959341","15.1760499195416","0.235294184275646","index"
"90","90","90","90","90","90","90","90","90","90","90",NA,NA,NA,NA,NA,NA,"AI","Pacific cod","21720",NA,NA,NA,"total_catch_wt_kg ~ 0 + factor(year)","delta_gamma","TRUE","iid, iid","pacific_cod","02_3","2004","4033532.08480729","2482734.75288791","6553008.15370844","15.2101529979097","0.24759728658795","index"
"91","91","91","91","91","91","91","91","91","91","91",NA,NA,NA,NA,NA,NA,"AI","Pacific cod","21720",NA,NA,NA,"total_catch_wt_kg ~ 0 + factor(year)","delta_gamma","TRUE","iid, iid","pacific_cod","02_3","2006","5104442.1305757","3155479.58260609","8257169.40398559","15.4456217245842","0.245397710778019","index"
"92","92","92","92","92","92","92","92","92","92","92",NA,NA,NA,NA,NA,NA,"AI","Pacific cod","21720",NA,NA,NA,"total_catch_wt_kg ~ 0 + factor(year)","delta_gamma","TRUE","iid, iid","pacific_cod","02_3","2010","3335797.2990867","2085780.29879681","5334954.80181354","15.0202222789501","0.239580265465842","index"
"93","93","93","93","93","93","93","93","93","93","93",NA,NA,NA,NA,NA,NA,"AI","Pacific cod","21720",NA,NA,NA,"total_catch_wt_kg ~ 0 + factor(year)","delta_gamma","TRUE","iid, iid","pacific_cod","02_3","2012","3810516.49827004","2391628.47838157","6071192.12487969","15.1532753017653","0.237652447622651","index"
"94","94","94","94","94","94","94","94","94","94","94",NA,NA,NA,NA,NA,NA,"AI","Pacific cod","21720",NA,NA,NA,"total_catch_wt_kg ~ 0 + factor(year)","delta_gamma","TRUE","iid, iid","pacific_cod","02_3","2014","2500801.68473043","1619371.13613983","3861998.60351871","14.7321219123257","0.221725231421247","index"
"95","95","95","95","95","95","95","95","95","95","95",NA,NA,NA,NA,NA,NA,"AI","Pacific cod","21720",NA,NA,NA,"total_catch_wt_kg ~ 0 + factor(year)","delta_gamma","TRUE","iid, iid","pacific_cod","02_3","2016","2548484.48344362","1624548.87652145","3997893.35748381","14.7510094202382","0.229733149707955","index"
"96","96","96","96","96","96","96","96","96","96","96",NA,NA,NA,NA,NA,NA,"AI","Pacific cod","21720",NA,NA,NA,"total_catch_wt_kg ~ 0 + factor(year)","delta_gamma","TRUE","iid, iid","pacific_cod","02_3","2018","3602532.46353508","2318015.89799635","5598857.26497487","15.0971476182059","0.22496610158577","index"
"97","97","97","97","97","97","97","97","97","97","97",NA,NA,NA,NA,NA,NA,"AI","Pacific cod","21720",NA,NA,NA,"total_catch_wt_kg ~ 0 + factor(year)","delta_gamma","TRUE","iid, iid","pacific_cod","02_3","2022","3356871.01463995","2191854.81493481","5141117.43722633","15.0265198524179","0.217484180824911","index"
"98","98","98","98","98","98","98","98","98","98","98",NA,NA,NA,NA,NA,NA,"AI","Pacific cod","21720",NA,NA,NA,"total_catch_wt_kg ~ 0 + factor(year)","delta_gamma","TRUE","iid, iid","pacific_cod","02_3","2024","3316270.5919786","1877344.93050221","5858087.37677213","15.0143513938317","0.290302440615068","index"
"99","99","99","99","99","99","99","99","99","99",NA,NA,NA,NA,NA,NA,NA,"AI","Pacific cod","21720",NA,NA,NA,"total_catch_wt_kg ~ 0 + factor(year)","delta_gamma","TRUE","iid, iid","pacific_cod","04_1","1991","7082123.72548721","5194229.07575229","9656192.61908364","15.7730843819175","0.158179237073882","index"
"100","100","100","100","100","100","100","100","100","100",NA,NA,NA,NA,NA,NA,NA,"AI","Pacific cod","21720",NA,NA,NA,"total_catch_wt_kg ~ 0 + factor(year)","delta_gamma","TRUE","iid, iid","pacific_cod","04_1","1994","6710405.92488566","4980099.4750643","9041897.23562888","15.7191700026301","0.152150540146909","index"
"101","101","101","101","101","101","101","101","101","101",NA,NA,NA,NA,NA,NA,NA,"AI","Pacific cod","21720",NA,NA,NA,"total_catch_wt_kg ~ 0 + factor(year)","delta_gamma","TRUE","iid, iid","pacific_cod","04_1","1997","3610034.05988833","2652817.17200752","4912643.83051757","15.0992277651367","0.157194239537794","index"
"102","102","102","102","102","102","102","102","102","102",NA,NA,NA,NA,NA,NA,NA,"AI","Pacific cod","21720",NA,NA,NA,"total_catch_wt_kg ~ 0 + factor(year)","delta_gamma","TRUE","iid, iid","pacific_cod","04_1","2000","5726967.98681392","4201951.98557295","7805458.61413962","15.5606968014903","0.157980998720418","index"
"103","103","103","103","103","103","103","103","103","103",NA,NA,NA,NA,NA,NA,NA,"AI","Pacific cod","21720",NA,NA,NA,"total_catch_wt_kg ~ 0 + factor(year)","delta_gamma","TRUE","iid, iid","pacific_cod","04_1","2002","3209657.89345741","2299718.91898382","4479636.05812555","14.9816749141797","0.170093661167049","index"
"104","104","104","104","104","104","104","104","104","104",NA,NA,NA,NA,NA,NA,NA,"AI","Pacific cod","21720",NA,NA,NA,"total_catch_wt_kg ~ 0 + factor(year)","delta_gamma","TRUE","iid, iid","pacific_cod","04_1","2004","3462208.78866927","2456642.43082504","4879379.08501933","15.0574173215853","0.175059957314926","index"
"105","105","105","105","105","105","105","105","105","105",NA,NA,NA,NA,NA,NA,NA,"AI","Pacific cod","21720",NA,NA,NA,"total_catch_wt_kg ~ 0 + factor(year)","delta_gamma","TRUE","iid, iid","pacific_cod","04_1","2006","2552450.47692197","1735339.65521295","3754310.23982433","14.7525644270392","0.196866223658238","index"
"106","106","106","106","106","106","106","106","106","106",NA,NA,NA,NA,NA,NA,NA,"AI","Pacific cod","21720",NA,NA,NA,"total_catch_wt_kg ~ 0 + factor(year)","delta_gamma","TRUE","iid, iid","pacific_cod","04_1","2010","2846819.68145482","2067462.75046505","3919965.3279826","14.8617130279195","0.163207253515249","index"
"107","107","107","107","107","107","107","107","107","107",NA,NA,NA,NA,NA,NA,NA,"AI","Pacific cod","21720",NA,NA,NA,"total_catch_wt_kg ~ 0 + factor(year)","delta_gamma","TRUE","iid, iid","pacific_cod","04_1","2012","2520720.76964235","1823186.06992258","3485126.01282442","14.7400554382911","0.165288405509982","index"
"108","108","108","108","108","108","108","108","108","108",NA,NA,NA,NA,NA,NA,NA,"AI","Pacific cod","21720",NA,NA,NA,"total_catch_wt_kg ~ 0 + factor(year)","delta_gamma","TRUE","iid, iid","pacific_cod","04_1","2014","3449336.52641145","2444292.3186291","4867634.84946403","15.0536924593283","0.17573091305931","index"
"109","109","109","109","109","109","109","109","109","109",NA,NA,NA,NA,NA,NA,NA,"AI","Pacific cod","21720",NA,NA,NA,"total_catch_wt_kg ~ 0 + factor(year)","delta_gamma","TRUE","iid, iid","pacific_cod","04_1","2016","2129183.54461347","1551896.63031261","2921214.2600887","14.5712491518146","0.161360505081774","index"
"110","110","110","110","110","110","110","110","110","110",NA,NA,NA,NA,NA,NA,NA,"AI","Pacific cod","21720",NA,NA,NA,"total_catch_wt_kg ~ 0 + factor(year)","delta_gamma","TRUE","iid, iid","pacific_cod","04_1","2018","3726994.28693942","2726170.67042927","5095237.27386145","15.1311126455757","0.159545864306102","index"
"111","111","111","111","111","111","111","111","111","111",NA,NA,NA,NA,NA,NA,NA,"AI","Pacific cod","21720",NA,NA,NA,"total_catch_wt_kg ~ 0 + factor(year)","delta_gamma","TRUE","iid, iid","pacific_cod","04_1","2022","2705724.18993944","1982895.34412016","3692047.29525039","14.8108801571447","0.158580223936577","index"
"112","112","112","112","112","112","112","112","112","112",NA,NA,NA,NA,NA,NA,NA,"AI","Pacific cod","21720",NA,NA,NA,"total_catch_wt_kg ~ 0 + factor(year)","delta_gamma","TRUE","iid, iid","pacific_cod","04_1","2024","3199890.73836049","2176863.68924852","4703694.02917458","14.9786272229247","0.196550294669057","index"
"113","113","113","113","113","113","113","113","113",NA,NA,NA,NA,NA,NA,NA,NA,"AI","Pacific cod","21720",NA,NA,NA,"total_catch_wt_kg ~ 0 + factor(year)","delta_gamma","TRUE","iid, iid","pacific_cod","04_2","1991","8310816.6306745","6126295.89359242","11274295.9642117","15.9330684328427","0.15559855628358","index"
"114","114","114","114","114","114","114","114","114",NA,NA,NA,NA,NA,NA,NA,NA,"AI","Pacific cod","21720",NA,NA,NA,"total_catch_wt_kg ~ 0 + factor(year)","delta_gamma","TRUE","iid, iid","pacific_cod","04_2","1994","8194864.82617233","6249203.24468364","10746299.4704753","15.9190182753532","0.138295267033281","index"
"115","115","115","115","115","115","115","115","115",NA,NA,NA,NA,NA,NA,NA,NA,"AI","Pacific cod","21720",NA,NA,NA,"total_catch_wt_kg ~ 0 + factor(year)","delta_gamma","TRUE","iid, iid","pacific_cod","04_2","1997","3733204.36946473","2774704.80563785","5022809.9349065","15.1327775031072","0.151391853263686","index"
"116","116","116","116","116","116","116","116","116",NA,NA,NA,NA,NA,NA,NA,NA,"AI","Pacific cod","21720",NA,NA,NA,"total_catch_wt_kg ~ 0 + factor(year)","delta_gamma","TRUE","iid, iid","pacific_cod","04_2","2000","4848079.99041441","3537967.56066269","6643328.17937259","15.3940933062681","0.160732709339525","index"
"117","117","117","117","117","117","117","117","117",NA,NA,NA,NA,NA,NA,NA,NA,"AI","Pacific cod","21720",NA,NA,NA,"total_catch_wt_kg ~ 0 + factor(year)","delta_gamma","TRUE","iid, iid","pacific_cod","04_2","2002","3391603.24225486","2465203.42897499","4666135.2234353","15.0368133003777","0.162772588615325","index"
"118","118","118","118","118","118","118","118","118",NA,NA,NA,NA,NA,NA,NA,NA,"AI","Pacific cod","21720",NA,NA,NA,"total_catch_wt_kg ~ 0 + factor(year)","delta_gamma","TRUE","iid, iid","pacific_cod","04_2","2004","4145441.05008819","2985411.00574416","5756219.65173026","15.2375197462198","0.167488669747091","index"
"119","119","119","119","119","119","119","119","119",NA,NA,NA,NA,NA,NA,NA,NA,"AI","Pacific cod","21720",NA,NA,NA,"total_catch_wt_kg ~ 0 + factor(year)","delta_gamma","TRUE","iid, iid","pacific_cod","04_2","2006","3314723.84150555","2296790.74259352","4783802.86966781","15.0138848724021","0.187177671672597","index"
"120","120","120","120","120","120","120","120","120",NA,NA,NA,NA,NA,NA,NA,NA,"AI","Pacific cod","21720",NA,NA,NA,"total_catch_wt_kg ~ 0 + factor(year)","delta_gamma","TRUE","iid, iid","pacific_cod","04_2","2010","2913363.52191245","2086694.48891648","4067527.40082107","14.8848188211224","0.170272023409098","index"
"121","121","121","121","121","121","121","121","121",NA,NA,NA,NA,NA,NA,NA,NA,"AI","Pacific cod","21720",NA,NA,NA,"total_catch_wt_kg ~ 0 + factor(year)","delta_gamma","TRUE","iid, iid","pacific_cod","04_2","2012","3058076.83323608","2215795.49325435","4220531.15752126","14.933296790478","0.164377895137948","index"
"122","122","122","122","122","122","122","122","122",NA,NA,NA,NA,NA,NA,NA,NA,"AI","Pacific cod","21720",NA,NA,NA,"total_catch_wt_kg ~ 0 + factor(year)","delta_gamma","TRUE","iid, iid","pacific_cod","04_2","2014","2802928.66004003","1996573.44269543","3934946.19595231","14.8461753785351","0.17308092938411","index"
"123","123","123","123","123","123","123","123","123",NA,NA,NA,NA,NA,NA,NA,NA,"AI","Pacific cod","21720",NA,NA,NA,"total_catch_wt_kg ~ 0 + factor(year)","delta_gamma","TRUE","iid, iid","pacific_cod","04_2","2016","2425182.92031191","1795625.85417822","3275466.42486073","14.7014175105654","0.153346351525274","index"
"124","124","124","124","124","124","124","124","124",NA,NA,NA,NA,NA,NA,NA,NA,"AI","Pacific cod","21720",NA,NA,NA,"total_catch_wt_kg ~ 0 + factor(year)","delta_gamma","TRUE","iid, iid","pacific_cod","04_2","2018","3968364.15931215","2961643.47906844","5317288.93508365","15.1938645171961","0.149293363486142","index"
"125","125","125","125","125","125","125","125","125",NA,NA,NA,NA,NA,NA,NA,NA,"AI","Pacific cod","21720",NA,NA,NA,"total_catch_wt_kg ~ 0 + factor(year)","delta_gamma","TRUE","iid, iid","pacific_cod","04_2","2022","3305798.52575612","2395575.28665151","4561870.35898451","15.0111886135085","0.164316616463915","index"
"126","126","126","126","126","126","126","126","126",NA,NA,NA,NA,NA,NA,NA,NA,"AI","Pacific cod","21720",NA,NA,NA,"total_catch_wt_kg ~ 0 + factor(year)","delta_gamma","TRUE","iid, iid","pacific_cod","04_2","2024","3177550.50962576","2190460.87910228","4609453.35182653","14.9716211779464","0.189798717808185","index"
"127","127","127","127","127","127","127","127",NA,NA,NA,NA,NA,NA,NA,NA,NA,"AI","Pacific cod","21720",NA,NA,NA,"total_catch_wt_kg ~ 0 + factor(year)","delta_gamma","TRUE","iid, iid","pacific_cod","04_3","1991","7910256.76030359","5729316.91784872","10921400.0396794","15.8836707994324","0.164576457494523","index"
"128","128","128","128","128","128","128","128",NA,NA,NA,NA,NA,NA,NA,NA,NA,"AI","Pacific cod","21720",NA,NA,NA,"total_catch_wt_kg ~ 0 + factor(year)","delta_gamma","TRUE","iid, iid","pacific_cod","04_3","1994","9056054.74742833","6770401.67566497","12113332.6377366","16.0189441248384","0.148407395388948","index"
"129","129","129","129","129","129","129","129",NA,NA,NA,NA,NA,NA,NA,NA,NA,"AI","Pacific cod","21720",NA,NA,NA,"total_catch_wt_kg ~ 0 + factor(year)","delta_gamma","TRUE","iid, iid","pacific_cod","04_3","1997","3978471.64661095","2908291.58897953","5442451.74825855","15.1964082951213","0.159866157577722","index"
"130","130","130","130","130","130","130","130",NA,NA,NA,NA,NA,NA,NA,NA,NA,"AI","Pacific cod","21720",NA,NA,NA,"total_catch_wt_kg ~ 0 + factor(year)","delta_gamma","TRUE","iid, iid","pacific_cod","04_3","2000","5100916.24441483","3671858.40002539","7086151.94212153","15.444930737326","0.16771852545482","index"
"131","131","131","131","131","131","131","131",NA,NA,NA,NA,NA,NA,NA,NA,NA,"AI","Pacific cod","21720",NA,NA,NA,"total_catch_wt_kg ~ 0 + factor(year)","delta_gamma","TRUE","iid, iid","pacific_cod","04_3","2002","3757495.74818063","2649251.50280124","5329344.64042645","15.1392632690532","0.178307134986961","index"
"132","132","132","132","132","132","132","132",NA,NA,NA,NA,NA,NA,NA,NA,NA,"AI","Pacific cod","21720",NA,NA,NA,"total_catch_wt_kg ~ 0 + factor(year)","delta_gamma","TRUE","iid, iid","pacific_cod","04_3","2004","4071705.51009238","2907900.67643977","5701290.24531008","15.219572513893","0.171753437705037","index"
"133","133","133","133","133","133","133","133",NA,NA,NA,NA,NA,NA,NA,NA,NA,"AI","Pacific cod","21720",NA,NA,NA,"total_catch_wt_kg ~ 0 + factor(year)","delta_gamma","TRUE","iid, iid","pacific_cod","04_3","2006","4810185.80919203","3365159.1550801","6875718.6369694","15.3862462711055","0.182279091238615","index"
"134","134","134","134","134","134","134","134",NA,NA,NA,NA,NA,NA,NA,NA,NA,"AI","Pacific cod","21720",NA,NA,NA,"total_catch_wt_kg ~ 0 + factor(year)","delta_gamma","TRUE","iid, iid","pacific_cod","04_3","2010","2841722.19281436","2011441.71437128","4014724.84309981","14.8599208322682","0.176308616506695","index"
"135","135","135","135","135","135","135","135",NA,NA,NA,NA,NA,NA,NA,NA,NA,"AI","Pacific cod","21720",NA,NA,NA,"total_catch_wt_kg ~ 0 + factor(year)","delta_gamma","TRUE","iid, iid","pacific_cod","04_3","2012","2990576.02815755","2121384.81321164","4215899.40895761","14.9109765783697","0.175205735361625","index"
"136","136","136","136","136","136","136","136",NA,NA,NA,NA,NA,NA,NA,NA,NA,"AI","Pacific cod","21720",NA,NA,NA,"total_catch_wt_kg ~ 0 + factor(year)","delta_gamma","TRUE","iid, iid","pacific_cod","04_3","2014","3180618.16221319","2237180.67832317","4521910.98905025","14.972586126498","0.179523258552421","index"
"137","137","137","137","137","137","137","137",NA,NA,NA,NA,NA,NA,NA,NA,NA,"AI","Pacific cod","21720",NA,NA,NA,"total_catch_wt_kg ~ 0 + factor(year)","delta_gamma","TRUE","iid, iid","pacific_cod","04_3","2016","2843324.56091546","2035772.18517237","3971217.7116815","14.8604845455367","0.170461697823922","index"
"138","138","138","138","138","138","138","138",NA,NA,NA,NA,NA,NA,NA,NA,NA,"AI","Pacific cod","21720",NA,NA,NA,"total_catch_wt_kg ~ 0 + factor(year)","delta_gamma","TRUE","iid, iid","pacific_cod","04_3","2018","3398635.16445843","2469125.66770189","4678061.1988227","15.0388844867768","0.163018210562212","index"
"139","139","139","139","139","139","139","139",NA,NA,NA,NA,NA,NA,NA,NA,NA,"AI","Pacific cod","21720",NA,NA,NA,"total_catch_wt_kg ~ 0 + factor(year)","delta_gamma","TRUE","iid, iid","pacific_cod","04_3","2022","3345712.65085742","2429004.78412171","4608386.61796002","15.0231902784363","0.163369379945103","index"
"140","140","140","140","140","140","140","140",NA,NA,NA,NA,NA,NA,NA,NA,NA,"AI","Pacific cod","21720",NA,NA,NA,"total_catch_wt_kg ~ 0 + factor(year)","delta_gamma","TRUE","iid, iid","pacific_cod","04_3","2024","3152867.9987274","2092410.14574177","4750778.25331196","14.9638230723566","0.209185442319322","index"
"141","141","141","141","141","141","141",NA,NA,NA,NA,NA,NA,NA,NA,NA,NA,"AI","Pacific cod","21720",NA,NA,NA,"total_catch_wt_kg ~ 0 + factor(year)","delta_gamma","TRUE","iid, iid","pacific_cod","06_1","1991","10007154.972558","7793971.2684333","12848796.4858669","16.118810892368","0.127527758589152","index"
"142","142","142","142","142","142","142",NA,NA,NA,NA,NA,NA,NA,NA,NA,NA,"AI","Pacific cod","21720",NA,NA,NA,"total_catch_wt_kg ~ 0 + factor(year)","delta_gamma","TRUE","iid, iid","pacific_cod","06_1","1994","9444101.77107681","7530177.15515469","11844483.3932495","16.0609009533977","0.11554897391164","index"
"143","143","143","143","143","143","143",NA,NA,NA,NA,NA,NA,NA,NA,NA,NA,"AI","Pacific cod","21720",NA,NA,NA,"total_catch_wt_kg ~ 0 + factor(year)","delta_gamma","TRUE","iid, iid","pacific_cod","06_1","1997","3471798.42971344","2665405.55180823","4522157.73632782","15.060183297119","0.13485784338936","index"
"144","144","144","144","144","144","144",NA,NA,NA,NA,NA,NA,NA,NA,NA,NA,"AI","Pacific cod","21720",NA,NA,NA,"total_catch_wt_kg ~ 0 + factor(year)","delta_gamma","TRUE","iid, iid","pacific_cod","06_1","2000","4891973.55525732","3707393.7528844","6455048.17143257","15.4031063700627","0.141465188653239","index"
"145","145","145","145","145","145","145",NA,NA,NA,NA,NA,NA,NA,NA,NA,NA,"AI","Pacific cod","21720",NA,NA,NA,"total_catch_wt_kg ~ 0 + factor(year)","delta_gamma","TRUE","iid, iid","pacific_cod","06_1","2002","3115652.56693053","2325977.32480073","4173424.57053076","14.9519491800549","0.149134534577255","index"
"146","146","146","146","146","146","146",NA,NA,NA,NA,NA,NA,NA,NA,NA,NA,"AI","Pacific cod","21720",NA,NA,NA,"total_catch_wt_kg ~ 0 + factor(year)","delta_gamma","TRUE","iid, iid","pacific_cod","06_1","2004","4087818.28674156","3057901.81787614","5464615.72040425","15.223521959472","0.148105987381486","index"
"147","147","147","147","147","147","147",NA,NA,NA,NA,NA,NA,NA,NA,NA,NA,"AI","Pacific cod","21720",NA,NA,NA,"total_catch_wt_kg ~ 0 + factor(year)","delta_gamma","TRUE","iid, iid","pacific_cod","06_1","2006","3799806.21487414","2774565.36012206","5203887.95957611","15.1504606273105","0.160439663115528","index"
"148","148","148","148","148","148","148",NA,NA,NA,NA,NA,NA,NA,NA,NA,NA,"AI","Pacific cod","21720",NA,NA,NA,"total_catch_wt_kg ~ 0 + factor(year)","delta_gamma","TRUE","iid, iid","pacific_cod","06_1","2010","2428391.58401495","1826458.53472014","3228699.46030185","14.7027396965822","0.145334442832282","index"
"149","149","149","149","149","149","149",NA,NA,NA,NA,NA,NA,NA,NA,NA,NA,"AI","Pacific cod","21720",NA,NA,NA,"total_catch_wt_kg ~ 0 + factor(year)","delta_gamma","TRUE","iid, iid","pacific_cod","06_1","2012","2490918.4673085","1854095.12274093","3346470.59618283","14.7281620628008","0.150642937611949","index"
"150","150","150","150","150","150","150",NA,NA,NA,NA,NA,NA,NA,NA,NA,NA,"AI","Pacific cod","21720",NA,NA,NA,"total_catch_wt_kg ~ 0 + factor(year)","delta_gamma","TRUE","iid, iid","pacific_cod","06_1","2014","3497626.79262673","2608602.988201","4689633.96723585","15.067595237224","0.149630226422809","index"
"151","151","151","151","151","151","151",NA,NA,NA,NA,NA,NA,NA,NA,NA,NA,"AI","Pacific cod","21720",NA,NA,NA,"total_catch_wt_kg ~ 0 + factor(year)","delta_gamma","TRUE","iid, iid","pacific_cod","06_1","2016","3614414.96259412","2724925.16159174","4794258.46476937","15.1004405644046","0.144129710834754","index"
"152","152","152","152","152","152","152",NA,NA,NA,NA,NA,NA,NA,NA,NA,NA,"AI","Pacific cod","21720",NA,NA,NA,"total_catch_wt_kg ~ 0 + factor(year)","delta_gamma","TRUE","iid, iid","pacific_cod","06_1","2018","3742781.50638998","2854101.32956997","4908169.60821973","15.1353396112554","0.138304597737817","index"
"153","153","153","153","153","153","153",NA,NA,NA,NA,NA,NA,NA,NA,NA,NA,"AI","Pacific cod","21720",NA,NA,NA,"total_catch_wt_kg ~ 0 + factor(year)","delta_gamma","TRUE","iid, iid","pacific_cod","06_1","2022","3045831.9889949","2276828.25370888","4074568.42213397","14.9292846530023","0.148467390045224","index"
"154","154","154","154","154","154","154",NA,NA,NA,NA,NA,NA,NA,NA,NA,NA,"AI","Pacific cod","21720",NA,NA,NA,"total_catch_wt_kg ~ 0 + factor(year)","delta_gamma","TRUE","iid, iid","pacific_cod","06_1","2024","2999730.52692433","2132886.8618836","4218875.08192304","14.9140330182394","0.174006291269954","index"
"155","155","155","155","155","155",NA,NA,NA,NA,NA,NA,NA,NA,NA,NA,NA,"AI","Pacific cod","21720",NA,NA,NA,"total_catch_wt_kg ~ 0 + factor(year)","delta_gamma","TRUE","iid, iid","pacific_cod","06_2","1991","9052678.11617898","7031172.93546767","11655378.3881146","16.0185711963388","0.128934562732906","index"
"156","156","156","156","156","156",NA,NA,NA,NA,NA,NA,NA,NA,NA,NA,NA,"AI","Pacific cod","21720",NA,NA,NA,"total_catch_wt_kg ~ 0 + factor(year)","delta_gamma","TRUE","iid, iid","pacific_cod","06_2","1994","8401373.16871693","6642552.46338559","10625895.9201448","15.9439057229197","0.119848563570056","index"
"157","157","157","157","157","157",NA,NA,NA,NA,NA,NA,NA,NA,NA,NA,NA,"AI","Pacific cod","21720",NA,NA,NA,"total_catch_wt_kg ~ 0 + factor(year)","delta_gamma","TRUE","iid, iid","pacific_cod","06_2","1997","3018331.62507943","2319332.45064407","3927994.79713428","14.9202147946721","0.134402892758715","index"
"158","158","158","158","158","158",NA,NA,NA,NA,NA,NA,NA,NA,NA,NA,NA,"AI","Pacific cod","21720",NA,NA,NA,"total_catch_wt_kg ~ 0 + factor(year)","delta_gamma","TRUE","iid, iid","pacific_cod","06_2","2000","5173448.81646398","3960825.66607376","6757321.55692259","15.4590501065722","0.136271403784926","index"
"159","159","159","159","159","159",NA,NA,NA,NA,NA,NA,NA,NA,NA,NA,NA,"AI","Pacific cod","21720",NA,NA,NA,"total_catch_wt_kg ~ 0 + factor(year)","delta_gamma","TRUE","iid, iid","pacific_cod","06_2","2002","2853189.072197","2142294.25390022","3799985.86416576","14.8639478993622","0.146206770956739","index"
"160","160","160","160","160","160",NA,NA,NA,NA,NA,NA,NA,NA,NA,NA,NA,"AI","Pacific cod","21720",NA,NA,NA,"total_catch_wt_kg ~ 0 + factor(year)","delta_gamma","TRUE","iid, iid","pacific_cod","06_2","2004","3879299.21955261","2917977.76874903","5157325.93852938","15.1711650817695","0.145290267902986","index"
"161","161","161","161","161","161",NA,NA,NA,NA,NA,NA,NA,NA,NA,NA,NA,"AI","Pacific cod","21720",NA,NA,NA,"total_catch_wt_kg ~ 0 + factor(year)","delta_gamma","TRUE","iid, iid","pacific_cod","06_2","2006","3196077.41065892","2352196.17735189","4342712.10593675","14.9774348066823","0.15641859536201","index"
"162","162","162","162","162","162",NA,NA,NA,NA,NA,NA,NA,NA,NA,NA,NA,"AI","Pacific cod","21720",NA,NA,NA,"total_catch_wt_kg ~ 0 + factor(year)","delta_gamma","TRUE","iid, iid","pacific_cod","06_2","2010","2631811.03297795","2000652.25750495","3462085.571004","14.7831827728689","0.139899998634385","index"
"163","163","163","163","163","163",NA,NA,NA,NA,NA,NA,NA,NA,NA,NA,NA,"AI","Pacific cod","21720",NA,NA,NA,"total_catch_wt_kg ~ 0 + factor(year)","delta_gamma","TRUE","iid, iid","pacific_cod","06_2","2012","2304027.9932738","1732278.21831203","3064487.52727611","14.6501694505825","0.145523827732926","index"
"164","164","164","164","164","164",NA,NA,NA,NA,NA,NA,NA,NA,NA,NA,NA,"AI","Pacific cod","21720",NA,NA,NA,"total_catch_wt_kg ~ 0 + factor(year)","delta_gamma","TRUE","iid, iid","pacific_cod","06_2","2014","2988193.50619153","2238278.73151208","3989360.35299456","14.9101795842462","0.147432239324299","index"
"165","165","165","165","165","165",NA,NA,NA,NA,NA,NA,NA,NA,NA,NA,NA,"AI","Pacific cod","21720",NA,NA,NA,"total_catch_wt_kg ~ 0 + factor(year)","delta_gamma","TRUE","iid, iid","pacific_cod","06_2","2016","2785984.23925803","2086316.45572008","3720292.84441187","14.8401117761839","0.147554327969475","index"
"166","166","166","166","166","166",NA,NA,NA,NA,NA,NA,NA,NA,NA,NA,NA,"AI","Pacific cod","21720",NA,NA,NA,"total_catch_wt_kg ~ 0 + factor(year)","delta_gamma","TRUE","iid, iid","pacific_cod","06_2","2018","3653611.7040009","2784142.53360169","4794610.30550891","15.1112267442639","0.138663898861041","index"
"167","167","167","167","167","167",NA,NA,NA,NA,NA,NA,NA,NA,NA,NA,NA,"AI","Pacific cod","21720",NA,NA,NA,"total_catch_wt_kg ~ 0 + factor(year)","delta_gamma","TRUE","iid, iid","pacific_cod","06_2","2022","2772965.9381037","2105408.19554554","3652184.93504101","14.8354280411123","0.140516927791442","index"
"168","168","168","168","168","168",NA,NA,NA,NA,NA,NA,NA,NA,NA,NA,NA,"AI","Pacific cod","21720",NA,NA,NA,"total_catch_wt_kg ~ 0 + factor(year)","delta_gamma","TRUE","iid, iid","pacific_cod","06_2","2024","2710613.35332961","1962167.95591957","3744544.25732654","14.8126854968891","0.16486271153453","index"
"169","169","169","169","169",NA,NA,NA,NA,NA,NA,NA,NA,NA,NA,NA,NA,"AI","Pacific cod","21720",NA,NA,NA,"total_catch_wt_kg ~ 0 + factor(year)","delta_gamma","TRUE","iid, iid","pacific_cod","06_3","1991","9105185.19475813","7148864.71545439","11596861.9816823","16.0243546108335","0.123415783011186","index"
"170","170","170","170","170",NA,NA,NA,NA,NA,NA,NA,NA,NA,NA,NA,NA,"AI","Pacific cod","21720",NA,NA,NA,"total_catch_wt_kg ~ 0 + factor(year)","delta_gamma","TRUE","iid, iid","pacific_cod","06_3","1994","7280713.27130867","5791185.16924156","9153357.07456794","15.8007393922016","0.11678371284477","index"
"171","171","171","171","171",NA,NA,NA,NA,NA,NA,NA,NA,NA,NA,NA,NA,"AI","Pacific cod","21720",NA,NA,NA,"total_catch_wt_kg ~ 0 + factor(year)","delta_gamma","TRUE","iid, iid","pacific_cod","06_3","1997","3284958.04924816","2538127.04313277","4251540.29011927","15.004864439423","0.131598059483707","index"
"172","172","172","172","172",NA,NA,NA,NA,NA,NA,NA,NA,NA,NA,NA,NA,"AI","Pacific cod","21720",NA,NA,NA,"total_catch_wt_kg ~ 0 + factor(year)","delta_gamma","TRUE","iid, iid","pacific_cod","06_3","2000","4656630.36893476","3559897.85006008","6091243.99244196","15.3538026477461","0.137023048000529","index"
"173","173","173","173","173",NA,NA,NA,NA,NA,NA,NA,NA,NA,NA,NA,NA,"AI","Pacific cod","21720",NA,NA,NA,"total_catch_wt_kg ~ 0 + factor(year)","delta_gamma","TRUE","iid, iid","pacific_cod","06_3","2002","2910045.41766982","2209977.90083855","3831877.38198102","14.8836792464726","0.140403688445204","index"
"174","174","174","174","174",NA,NA,NA,NA,NA,NA,NA,NA,NA,NA,NA,NA,"AI","Pacific cod","21720",NA,NA,NA,"total_catch_wt_kg ~ 0 + factor(year)","delta_gamma","TRUE","iid, iid","pacific_cod","06_3","2004","3992395.31038743","2988640.15274337","5333268.47655863","15.1999019371589","0.14774398710483","index"
"175","175","175","175","175",NA,NA,NA,NA,NA,NA,NA,NA,NA,NA,NA,NA,"AI","Pacific cod","21720",NA,NA,NA,"total_catch_wt_kg ~ 0 + factor(year)","delta_gamma","TRUE","iid, iid","pacific_cod","06_3","2006","3042187.86042442","2244964.91833744","4122517.41776333","14.9280875054582","0.155047263824508","index"
"176","176","176","176","176",NA,NA,NA,NA,NA,NA,NA,NA,NA,NA,NA,NA,"AI","Pacific cod","21720",NA,NA,NA,"total_catch_wt_kg ~ 0 + factor(year)","delta_gamma","TRUE","iid, iid","pacific_cod","06_3","2010","2750055.85056267","2112908.12732325","3579335.55340853","14.827131778732","0.134469798879697","index"
"177","177","177","177","177",NA,NA,NA,NA,NA,NA,NA,NA,NA,NA,NA,NA,"AI","Pacific cod","21720",NA,NA,NA,"total_catch_wt_kg ~ 0 + factor(year)","delta_gamma","TRUE","iid, iid","pacific_cod","06_3","2012","2487435.46786754","1889181.05314032","3275141.46752656","14.7267628051126","0.140364220652698","index"
"178","178","178","178","178",NA,NA,NA,NA,NA,NA,NA,NA,NA,NA,NA,NA,"AI","Pacific cod","21720",NA,NA,NA,"total_catch_wt_kg ~ 0 + factor(year)","delta_gamma","TRUE","iid, iid","pacific_cod","06_3","2014","3258192.73344732","2437041.09103197","4356028.27024702","14.9966832233764","0.148159880428293","index"
"179","179","179","179","179",NA,NA,NA,NA,NA,NA,NA,NA,NA,NA,NA,NA,"AI","Pacific cod","21720",NA,NA,NA,"total_catch_wt_kg ~ 0 + factor(year)","delta_gamma","TRUE","iid, iid","pacific_cod","06_3","2016","3024823.17124842","2296670.18605199","3983835.06386241","14.9223631919528","0.14050886006893","index"
"180","180","180","180","180",NA,NA,NA,NA,NA,NA,NA,NA,NA,NA,NA,NA,"AI","Pacific cod","21720",NA,NA,NA,"total_catch_wt_kg ~ 0 + factor(year)","delta_gamma","TRUE","iid, iid","pacific_cod","06_3","2018","3968432.90198289","3035267.7755298","5188491.05324537","15.1938818397181","0.136773754048144","index"
"181","181","181","181","181",NA,NA,NA,NA,NA,NA,NA,NA,NA,NA,NA,NA,"AI","Pacific cod","21720",NA,NA,NA,"total_catch_wt_kg ~ 0 + factor(year)","delta_gamma","TRUE","iid, iid","pacific_cod","06_3","2022","2654092.91965563","1994759.39978237","3531357.83039031","14.7916135044354","0.145706506480564","index"
"182","182","182","182","182",NA,NA,NA,NA,NA,NA,NA,NA,NA,NA,NA,NA,"AI","Pacific cod","21720",NA,NA,NA,"total_catch_wt_kg ~ 0 + factor(year)","delta_gamma","TRUE","iid, iid","pacific_cod","06_3","2024","2664595.27000169","1931911.38038259","3675151.98937816","14.7955627353816","0.164055214576641","index"
"183","183","183","183",NA,NA,NA,NA,NA,NA,NA,NA,NA,NA,NA,NA,NA,"AI","Pacific cod","21720",NA,NA,NA,"total_catch_wt_kg ~ 0 + factor(year)","delta_gamma","TRUE","iid, iid","pacific_cod","08_1","1991","9612020.24355913","7668618.5801005","12047923.9119205","16.0785249819078","0.115245960366698","index"
"184","184","184","184",NA,NA,NA,NA,NA,NA,NA,NA,NA,NA,NA,NA,NA,"AI","Pacific cod","21720",NA,NA,NA,"total_catch_wt_kg ~ 0 + factor(year)","delta_gamma","TRUE","iid, iid","pacific_cod","08_1","1994","9580460.82616237","7871748.75176911","11660081.201271","16.0752362517298","0.100229112764568","index"
"185","185","185","185",NA,NA,NA,NA,NA,NA,NA,NA,NA,NA,NA,NA,NA,"AI","Pacific cod","21720",NA,NA,NA,"total_catch_wt_kg ~ 0 + factor(year)","delta_gamma","TRUE","iid, iid","pacific_cod","08_1","1997","3588923.56909156","2835545.33619721","4542467.44721597","15.0933628740243","0.120215494157242","index"
"186","186","186","186",NA,NA,NA,NA,NA,NA,NA,NA,NA,NA,NA,NA,NA,"AI","Pacific cod","21720",NA,NA,NA,"total_catch_wt_kg ~ 0 + factor(year)","delta_gamma","TRUE","iid, iid","pacific_cod","08_1","2000","5349957.11756213","4161877.04958328","6877195.27000913","15.4925991034311","0.128126006956613","index"
"187","187","187","187",NA,NA,NA,NA,NA,NA,NA,NA,NA,NA,NA,NA,NA,"AI","Pacific cod","21720",NA,NA,NA,"total_catch_wt_kg ~ 0 + factor(year)","delta_gamma","TRUE","iid, iid","pacific_cod","08_1","2002","3219535.65465846","2487143.20166554","4167596.71283735","14.984747700494","0.131687317378976","index"
"188","188","188","188",NA,NA,NA,NA,NA,NA,NA,NA,NA,NA,NA,NA,NA,"AI","Pacific cod","21720",NA,NA,NA,"total_catch_wt_kg ~ 0 + factor(year)","delta_gamma","TRUE","iid, iid","pacific_cod","08_1","2004","4393659.56271421","3394453.16564878","5686996.81833447","15.2956730511632","0.131645182104299","index"
"189","189","189","189",NA,NA,NA,NA,NA,NA,NA,NA,NA,NA,NA,NA,NA,"AI","Pacific cod","21720",NA,NA,NA,"total_catch_wt_kg ~ 0 + factor(year)","delta_gamma","TRUE","iid, iid","pacific_cod","08_1","2006","3931019.34425954","2960696.75931314","5219350.15341716","15.1844093253432","0.144632318409611","index"
"190","190","190","190",NA,NA,NA,NA,NA,NA,NA,NA,NA,NA,NA,NA,NA,"AI","Pacific cod","21720",NA,NA,NA,"total_catch_wt_kg ~ 0 + factor(year)","delta_gamma","TRUE","iid, iid","pacific_cod","08_1","2010","2774670.64061312","2155494.9235541","3571707.3975689","14.8360426100513","0.128834863288044","index"
"191","191","191","191",NA,NA,NA,NA,NA,NA,NA,NA,NA,NA,NA,NA,NA,"AI","Pacific cod","21720",NA,NA,NA,"total_catch_wt_kg ~ 0 + factor(year)","delta_gamma","TRUE","iid, iid","pacific_cod","08_1","2012","2624641.60588153","2019734.6132294","3410717.1873981","14.7804549135939","0.133664819610674","index"
"192","192","192","192",NA,NA,NA,NA,NA,NA,NA,NA,NA,NA,NA,NA,NA,"AI","Pacific cod","21720",NA,NA,NA,"total_catch_wt_kg ~ 0 + factor(year)","delta_gamma","TRUE","iid, iid","pacific_cod","08_1","2014","3221543.40521288","2456560.00441456","4224745.94270858","14.9853711210733","0.138318135500036","index"
"193","193","193","193",NA,NA,NA,NA,NA,NA,NA,NA,NA,NA,NA,NA,NA,"AI","Pacific cod","21720",NA,NA,NA,"total_catch_wt_kg ~ 0 + factor(year)","delta_gamma","TRUE","iid, iid","pacific_cod","08_1","2016","3260370.41052465","2526607.07645605","4207229.25732279","14.9973513697486","0.130085801373645","index"
"194","194","194","194",NA,NA,NA,NA,NA,NA,NA,NA,NA,NA,NA,NA,NA,"AI","Pacific cod","21720",NA,NA,NA,"total_catch_wt_kg ~ 0 + factor(year)","delta_gamma","TRUE","iid, iid","pacific_cod","08_1","2018","3658913.6361459","2851524.3362657","4694909.60554332","15.1126768405924","0.127202631511547","index"
"195","195","195","195",NA,NA,NA,NA,NA,NA,NA,NA,NA,NA,NA,NA,NA,"AI","Pacific cod","21720",NA,NA,NA,"total_catch_wt_kg ~ 0 + factor(year)","delta_gamma","TRUE","iid, iid","pacific_cod","08_1","2022","3178053.59126299","2441587.5421635","4136662.91071829","14.9717794891408","0.134502712032408","index"
"196","196","196","196",NA,NA,NA,NA,NA,NA,NA,NA,NA,NA,NA,NA,NA,"AI","Pacific cod","21720",NA,NA,NA,"total_catch_wt_kg ~ 0 + factor(year)","delta_gamma","TRUE","iid, iid","pacific_cod","08_1","2024","2921470.21558452","2155760.30339427","3959154.55308693","14.8875975460195","0.155076072886934","index"
"197","197","197",NA,NA,NA,NA,NA,NA,NA,NA,NA,NA,NA,NA,NA,NA,"AI","Pacific cod","21720",NA,NA,NA,"total_catch_wt_kg ~ 0 + factor(year)","delta_gamma","TRUE","iid, iid","pacific_cod","08_2","1991","8654538.5023129","6935564.73763453","10799558.4384903","15.9735944236587","0.112972168887526","index"
"198","198","198",NA,NA,NA,NA,NA,NA,NA,NA,NA,NA,NA,NA,NA,NA,"AI","Pacific cod","21720",NA,NA,NA,"total_catch_wt_kg ~ 0 + factor(year)","delta_gamma","TRUE","iid, iid","pacific_cod","08_2","1994","8357601.39660119","6818639.79953298","10243905.4060685","15.938682029611","0.103834286839801","index"
"199","199","199",NA,NA,NA,NA,NA,NA,NA,NA,NA,NA,NA,NA,NA,NA,"AI","Pacific cod","21720",NA,NA,NA,"total_catch_wt_kg ~ 0 + factor(year)","delta_gamma","TRUE","iid, iid","pacific_cod","08_2","1997","3179350.47084377","2526238.4912679","4001312.40632838","14.9721874794419","0.117321282036074","index"
"200","200","200",NA,NA,NA,NA,NA,NA,NA,NA,NA,NA,NA,NA,NA,NA,"AI","Pacific cod","21720",NA,NA,NA,"total_catch_wt_kg ~ 0 + factor(year)","delta_gamma","TRUE","iid, iid","pacific_cod","08_2","2000","5435225.93536989","4227794.92130957","6987491.47448406","15.5084116481187","0.128176094151761","index"
"201","201","201",NA,NA,NA,NA,NA,NA,NA,NA,NA,NA,NA,NA,NA,NA,"AI","Pacific cod","21720",NA,NA,NA,"total_catch_wt_kg ~ 0 + factor(year)","delta_gamma","TRUE","iid, iid","pacific_cod","08_2","2002","3513662.74473185","2717446.36281331","4543171.87366128","15.0721695683743","0.131107719485493","index"
"202","202","202",NA,NA,NA,NA,NA,NA,NA,NA,NA,NA,NA,NA,NA,NA,"AI","Pacific cod","21720",NA,NA,NA,"total_catch_wt_kg ~ 0 + factor(year)","delta_gamma","TRUE","iid, iid","pacific_cod","08_2","2004","4431226.3170246","3417306.24959296","5745978.04192416","15.3041869247122","0.132565585080691","index"
"203","203","203",NA,NA,NA,NA,NA,NA,NA,NA,NA,NA,NA,NA,NA,NA,"AI","Pacific cod","21720",NA,NA,NA,"total_catch_wt_kg ~ 0 + factor(year)","delta_gamma","TRUE","iid, iid","pacific_cod","08_2","2006","3203329.35313348","2403190.33486596","4269873.59085683","14.9797012497594","0.146632046945403","index"
"204","204","204",NA,NA,NA,NA,NA,NA,NA,NA,NA,NA,NA,NA,NA,NA,"AI","Pacific cod","21720",NA,NA,NA,"total_catch_wt_kg ~ 0 + factor(year)","delta_gamma","TRUE","iid, iid","pacific_cod","08_2","2010","2720842.71101573","2114614.15339763","3500868.01707668","14.8164522105142","0.128609143874418","index"
"205","205","205",NA,NA,NA,NA,NA,NA,NA,NA,NA,NA,NA,NA,NA,NA,"AI","Pacific cod","21720",NA,NA,NA,"total_catch_wt_kg ~ 0 + factor(year)","delta_gamma","TRUE","iid, iid","pacific_cod","08_2","2012","3027375.6364423","2329872.2784379","3933693.41699248","14.9232066755945","0.133616061183697","index"
"206","206","206",NA,NA,NA,NA,NA,NA,NA,NA,NA,NA,NA,NA,NA,NA,"AI","Pacific cod","21720",NA,NA,NA,"total_catch_wt_kg ~ 0 + factor(year)","delta_gamma","TRUE","iid, iid","pacific_cod","08_2","2014","3733541.06556678","2882316.94100536","4836154.09879644","15.1328676886118","0.13202419461145","index"
"207","207","207",NA,NA,NA,NA,NA,NA,NA,NA,NA,NA,NA,NA,NA,NA,"AI","Pacific cod","21720",NA,NA,NA,"total_catch_wt_kg ~ 0 + factor(year)","delta_gamma","TRUE","iid, iid","pacific_cod","08_2","2016","2830155.97687773","2189278.09053","3658641.12380425","14.8558423836051","0.131002394537861","index"
"208","208","208",NA,NA,NA,NA,NA,NA,NA,NA,NA,NA,NA,NA,NA,NA,"AI","Pacific cod","21720",NA,NA,NA,"total_catch_wt_kg ~ 0 + factor(year)","delta_gamma","TRUE","iid, iid","pacific_cod","08_2","2018","3707777.16008234","2877840.52509891","4777058.12706763","15.1259431067968","0.129284188694932","index"
"209","209","209",NA,NA,NA,NA,NA,NA,NA,NA,NA,NA,NA,NA,NA,NA,"AI","Pacific cod","21720",NA,NA,NA,"total_catch_wt_kg ~ 0 + factor(year)","delta_gamma","TRUE","iid, iid","pacific_cod","08_2","2022","2797648.77927604","2162079.61009996","3620051.10987697","14.8442899006946","0.131486498625001","index"
"210","210","210",NA,NA,NA,NA,NA,NA,NA,NA,NA,NA,NA,NA,NA,NA,"AI","Pacific cod","21720",NA,NA,NA,"total_catch_wt_kg ~ 0 + factor(year)","delta_gamma","TRUE","iid, iid","pacific_cod","08_2","2024","2526482.83524541","1852501.97129841","3445672.72568989","14.7423387098044","0.158314648621817","index"
"211","211",NA,NA,NA,NA,NA,NA,NA,NA,NA,NA,NA,NA,NA,NA,NA,"AI","Pacific cod","21720",NA,NA,NA,"total_catch_wt_kg ~ 0 + factor(year)","delta_gamma","TRUE","iid, iid","pacific_cod","08_3","1991","8838065.40590694","7062894.35151722","11059403.7276389","15.994578565178","0.114396528041143","index"
"212","212",NA,NA,NA,NA,NA,NA,NA,NA,NA,NA,NA,NA,NA,NA,NA,"AI","Pacific cod","21720",NA,NA,NA,"total_catch_wt_kg ~ 0 + factor(year)","delta_gamma","TRUE","iid, iid","pacific_cod","08_3","1994","8242861.76977081","6732296.04893343","10092362.1988242","15.9248581437469","0.103283190735213","index"
"213","213",NA,NA,NA,NA,NA,NA,NA,NA,NA,NA,NA,NA,NA,NA,NA,"AI","Pacific cod","21720",NA,NA,NA,"total_catch_wt_kg ~ 0 + factor(year)","delta_gamma","TRUE","iid, iid","pacific_cod","08_3","1997","3871122.16940832","3054330.40356967","4906341.11914369","15.1690549892293","0.120912447899659","index"
"214","214",NA,NA,NA,NA,NA,NA,NA,NA,NA,NA,NA,NA,NA,NA,NA,"AI","Pacific cod","21720",NA,NA,NA,"total_catch_wt_kg ~ 0 + factor(year)","delta_gamma","TRUE","iid, iid","pacific_cod","08_3","2000","4711718.37745966","3657692.26837928","6069479.99983826","15.3655632354348","0.12919638252851","index"
"215","215",NA,NA,NA,NA,NA,NA,NA,NA,NA,NA,NA,NA,NA,NA,NA,"AI","Pacific cod","21720",NA,NA,NA,"total_catch_wt_kg ~ 0 + factor(year)","delta_gamma","TRUE","iid, iid","pacific_cod","08_3","2002","3566895.27688002","2754207.98941348","4619383.12761133","15.0872061050314","0.131923662367821","index"
"216","216",NA,NA,NA,NA,NA,NA,NA,NA,NA,NA,NA,NA,NA,NA,NA,"AI","Pacific cod","21720",NA,NA,NA,"total_catch_wt_kg ~ 0 + factor(year)","delta_gamma","TRUE","iid, iid","pacific_cod","08_3","2004","4257947.23669532","3271250.24267532","5542258.56339685","15.2642977327889","0.134499882578184","index"
"217","217",NA,NA,NA,NA,NA,NA,NA,NA,NA,NA,NA,NA,NA,NA,NA,"AI","Pacific cod","21720",NA,NA,NA,"total_catch_wt_kg ~ 0 + factor(year)","delta_gamma","TRUE","iid, iid","pacific_cod","08_3","2006","3185953.79796041","2383198.01584242","4259109.62297877","14.9742622677652","0.148119262514255","index"
"218","218",NA,NA,NA,NA,NA,NA,NA,NA,NA,NA,NA,NA,NA,NA,NA,"AI","Pacific cod","21720",NA,NA,NA,"total_catch_wt_kg ~ 0 + factor(year)","delta_gamma","TRUE","iid, iid","pacific_cod","08_3","2010","2802406.68991579","2171055.25835431","3617357.60776435","14.845989138072","0.130239758791018","index"
"219","219",NA,NA,NA,NA,NA,NA,NA,NA,NA,NA,NA,NA,NA,NA,NA,"AI","Pacific cod","21720",NA,NA,NA,"total_catch_wt_kg ~ 0 + factor(year)","delta_gamma","TRUE","iid, iid","pacific_cod","08_3","2012","2722942.51861613","2085580.80419665","3555084.48522737","14.817223661854","0.136056441021383","index"
"220","220",NA,NA,NA,NA,NA,NA,NA,NA,NA,NA,NA,NA,NA,NA,NA,"AI","Pacific cod","21720",NA,NA,NA,"total_catch_wt_kg ~ 0 + factor(year)","delta_gamma","TRUE","iid, iid","pacific_cod","08_3","2014","3932019.72612873","2982230.2320051","5184300.98412302","15.1846637770547","0.141064734180775","index"
"221","221",NA,NA,NA,NA,NA,NA,NA,NA,NA,NA,NA,NA,NA,NA,NA,"AI","Pacific cod","21720",NA,NA,NA,"total_catch_wt_kg ~ 0 + factor(year)","delta_gamma","TRUE","iid, iid","pacific_cod","08_3","2016","2961693.56058185","2285019.30513083","3838754.76548317","14.9012718115307","0.132342626021213","index"
"222","222",NA,NA,NA,NA,NA,NA,NA,NA,NA,NA,NA,NA,NA,NA,NA,"AI","Pacific cod","21720",NA,NA,NA,"total_catch_wt_kg ~ 0 + factor(year)","delta_gamma","TRUE","iid, iid","pacific_cod","08_3","2018","3863961.91701291","2990677.33691854","4992247.57944283","15.1672036184205","0.130713200162305","index"
"223","223",NA,NA,NA,NA,NA,NA,NA,NA,NA,NA,NA,NA,NA,NA,NA,"AI","Pacific cod","21720",NA,NA,NA,"total_catch_wt_kg ~ 0 + factor(year)","delta_gamma","TRUE","iid, iid","pacific_cod","08_3","2022","3055631.38688465","2333649.92542089","4000978.49759133","14.9324968025185","0.137529420527116","index"
"224","224",NA,NA,NA,NA,NA,NA,NA,NA,NA,NA,NA,NA,NA,NA,NA,"AI","Pacific cod","21720",NA,NA,NA,"total_catch_wt_kg ~ 0 + factor(year)","delta_gamma","TRUE","iid, iid","pacific_cod","08_3","2024","2831867.37236149","2076714.04494215","3861616.3039765","14.8564469009058","0.158242440645902","index"
"225",NA,NA,NA,NA,NA,NA,NA,NA,NA,NA,NA,NA,NA,NA,NA,NA,"AI","Pacific cod","21720",NA,NA,NA,"total_catch_wt_kg ~ 0 + factor(year)","delta_gamma","TRUE","iid, iid","pacific_cod","1_1","1991","8977414.67246562","7352426.2526781","10961548.1246132","16.0102225004386","0.101880229887501","index"
"226",NA,NA,NA,NA,NA,NA,NA,NA,NA,NA,NA,NA,NA,NA,NA,NA,"AI","Pacific cod","21720",NA,NA,NA,"total_catch_wt_kg ~ 0 + factor(year)","delta_gamma","TRUE","iid, iid","pacific_cod","1_1","1994","8147250.39206046","6807635.14188849","9750476.86420449","15.9131910530859","0.0916525503826694","index"
"227",NA,NA,NA,NA,NA,NA,NA,NA,NA,NA,NA,NA,NA,NA,NA,NA,"AI","Pacific cod","21720",NA,NA,NA,"total_catch_wt_kg ~ 0 + factor(year)","delta_gamma","TRUE","iid, iid","pacific_cod","1_1","1997","3465929.1450702","2810164.07375537","4274720.09582482","15.0584913061954","0.107011087452427","index"
"228",NA,NA,NA,NA,NA,NA,NA,NA,NA,NA,NA,NA,NA,NA,NA,NA,"AI","Pacific cod","21720",NA,NA,NA,"total_catch_wt_kg ~ 0 + factor(year)","delta_gamma","TRUE","iid, iid","pacific_cod","1_1","2000","5187708.17664747","4129279.03747665","6517437.03484391","15.461802573154","0.116425195795549","index"
"229",NA,NA,NA,NA,NA,NA,NA,NA,NA,NA,NA,NA,NA,NA,NA,NA,"AI","Pacific cod","21720",NA,NA,NA,"total_catch_wt_kg ~ 0 + factor(year)","delta_gamma","TRUE","iid, iid","pacific_cod","1_1","2002","3627291.72485015","2880367.9182802","4567904.38945807","15.1039968464754","0.117639025481254","index"
"230",NA,NA,NA,NA,NA,NA,NA,NA,NA,NA,NA,NA,NA,NA,NA,NA,"AI","Pacific cod","21720",NA,NA,NA,"total_catch_wt_kg ~ 0 + factor(year)","delta_gamma","TRUE","iid, iid","pacific_cod","1_1","2004","4824022.23589472","3815345.39610995","6099366.66707387","15.3891186268094","0.119684276713425","index"
"231",NA,NA,NA,NA,NA,NA,NA,NA,NA,NA,NA,NA,NA,NA,NA,NA,"AI","Pacific cod","21720",NA,NA,NA,"total_catch_wt_kg ~ 0 + factor(year)","delta_gamma","TRUE","iid, iid","pacific_cod","1_1","2006","3433165.35838432","2656528.98458002","4436851.41266152","15.0489932385925","0.130850518166052","index"
"232",NA,NA,NA,NA,NA,NA,NA,NA,NA,NA,NA,NA,NA,NA,NA,NA,"AI","Pacific cod","21720",NA,NA,NA,"total_catch_wt_kg ~ 0 + factor(year)","delta_gamma","TRUE","iid, iid","pacific_cod","1_1","2010","2906625.95988693","2321520.22333004","3639199.17034793","14.8825035024929","0.114681038295316","index"
"233",NA,NA,NA,NA,NA,NA,NA,NA,NA,NA,NA,NA,NA,NA,NA,NA,"AI","Pacific cod","21720",NA,NA,NA,"total_catch_wt_kg ~ 0 + factor(year)","delta_gamma","TRUE","iid, iid","pacific_cod","1_1","2012","2576868.23898102","2025627.57300767","3278119.83286229","14.7620853587119","0.122805948223696","index"
"234",NA,NA,NA,NA,NA,NA,NA,NA,NA,NA,NA,NA,NA,NA,NA,NA,"AI","Pacific cod","21720",NA,NA,NA,"total_catch_wt_kg ~ 0 + factor(year)","delta_gamma","TRUE","iid, iid","pacific_cod","1_1","2014","3431923.82951874","2693493.492841","4372797.33659035","15.0486315451475","0.123615506118321","index"
"235",NA,NA,NA,NA,NA,NA,NA,NA,NA,NA,NA,NA,NA,NA,NA,NA,"AI","Pacific cod","21720",NA,NA,NA,"total_catch_wt_kg ~ 0 + factor(year)","delta_gamma","TRUE","iid, iid","pacific_cod","1_1","2016","2743086.00986144","2167460.12912941","3471584.43948858","14.824594125557","0.120169316789741","index"
"236",NA,NA,NA,NA,NA,NA,NA,NA,NA,NA,NA,NA,NA,NA,NA,NA,"AI","Pacific cod","21720",NA,NA,NA,"total_catch_wt_kg ~ 0 + factor(year)","delta_gamma","TRUE","iid, iid","pacific_cod","1_1","2018","3793024.78998814","3020076.07113158","4763799.55955016","15.1486743563703","0.116268349835777","index"
"237",NA,NA,NA,NA,NA,NA,NA,NA,NA,NA,NA,NA,NA,NA,NA,NA,"AI","Pacific cod","21720",NA,NA,NA,"total_catch_wt_kg ~ 0 + factor(year)","delta_gamma","TRUE","iid, iid","pacific_cod","1_1","2022","3060867.49594079","2407624.32865819","3891350.37231007","14.9342089291568","0.12248075347493","index"
"238",NA,NA,NA,NA,NA,NA,NA,NA,NA,NA,NA,NA,NA,NA,NA,NA,"AI","Pacific cod","21720",NA,NA,NA,"total_catch_wt_kg ~ 0 + factor(year)","delta_gamma","TRUE","iid, iid","pacific_cod","1_1","2024","2926997.42196402","2215826.72378696","3866418.71235402","14.8894876848961","0.142018708780633","index"
