"","X.16","X.15","X.14","X.13","X.12","X.11","X.10","X.9","X.8","X.7","X.6","X.5","X.4","X.3","X.2","X.1","X","srvy","common_name","species_code","filter_lat_lt","filter_lat_gt","filter_depth","model_fn","model_family","model_anisotropy","model_spatiotemporal","file_name","effort","hessian_ok","eigen_values_ok","nlminb_ok","range_ok","gradients_ok","se_magnitude_ok","se_na_ok","sigmas_ok","all_ok","X.17"
"1",1,1,1,1,1,1,1,1,1,1,1,1,1,1,1,1,1,"AI","flathead sole",10130,NA,NA,NA,"total_catch_wt_kg ~ 0 + factor(year)","delta_gamma",TRUE,"iid, iid","flathead_sole","08_3",FALSE,TRUE,TRUE,TRUE,TRUE,FALSE,TRUE,FALSE,FALSE,NA
"2",2,2,2,2,2,2,2,2,2,2,2,2,2,2,2,2,NA,"AI","flathead sole",10130,NA,NA,NA,"total_catch_wt_kg ~ 0 + factor(year)","delta_gamma",TRUE,"iid, iid","flathead_sole","1_1",FALSE,TRUE,TRUE,TRUE,FALSE,FALSE,TRUE,FALSE,FALSE,NA
"3",3,3,3,3,3,3,3,3,3,3,3,3,3,3,3,NA,NA,"AI","flathead sole",10130,NA,NA,NA,"total_catch_wt_kg ~ 0 + factor(year)","delta_gamma",TRUE,"iid, iid","flathead_sole","08_3",FALSE,TRUE,TRUE,TRUE,TRUE,FALSE,TRUE,FALSE,FALSE,NA
"4",4,4,4,4,4,4,4,4,4,4,4,4,4,4,NA,NA,NA,"AI","flathead sole",10130,NA,NA,NA,"total_catch_wt_kg ~ 0 + factor(year)","delta_gamma",TRUE,"iid, iid","flathead_sole","1_1",FALSE,TRUE,TRUE,TRUE,FALSE,FALSE,TRUE,FALSE,FALSE,NA
"5",5,5,5,5,5,5,5,5,5,5,5,5,5,NA,NA,NA,NA,"AI","flathead sole",10130,NA,NA,NA,"total_catch_wt_kg ~ 0 + factor(year)","delta_gamma",TRUE,"iid, iid","flathead_sole","02_1",FALSE,TRUE,TRUE,TRUE,TRUE,FALSE,TRUE,FALSE,FALSE,NA
"6",6,6,6,6,6,6,6,6,6,6,6,6,NA,NA,NA,NA,NA,"AI","flathead sole",10130,NA,NA,NA,"total_catch_wt_kg ~ 0 + factor(year)","delta_gamma",TRUE,"iid, iid","flathead_sole","02_2",FALSE,TRUE,TRUE,TRUE,TRUE,FALSE,TRUE,FALSE,FALSE,NA
"7",7,7,7,7,7,7,7,7,7,7,7,NA,NA,NA,NA,NA,NA,"AI","flathead sole",10130,NA,NA,NA,"total_catch_wt_kg ~ 0 + factor(year)","delta_gamma",TRUE,"iid, iid","flathead_sole","02_3",FALSE,TRUE,TRUE,TRUE,TRUE,FALSE,TRUE,TRUE,FALSE,NA
"8",8,8,8,8,8,8,8,8,8,8,NA,NA,NA,NA,NA,NA,NA,"AI","flathead sole",10130,NA,NA,NA,"total_catch_wt_kg ~ 0 + factor(year)","delta_gamma",TRUE,"iid, iid","flathead_sole","04_1",FALSE,TRUE,TRUE,TRUE,TRUE,FALSE,TRUE,FALSE,FALSE,NA
"9",9,9,9,9,9,9,9,9,9,NA,NA,NA,NA,NA,NA,NA,NA,"AI","flathead sole",10130,NA,NA,NA,"total_catch_wt_kg ~ 0 + factor(year)","delta_gamma",TRUE,"iid, iid","flathead_sole","04_2",FALSE,TRUE,TRUE,TRUE,TRUE,FALSE,TRUE,TRUE,FALSE,NA
"10",10,10,10,10,10,10,10,10,NA,NA,NA,NA,NA,NA,NA,NA,NA,"AI","flathead sole",10130,NA,NA,NA,"total_catch_wt_kg ~ 0 + factor(year)","delta_gamma",TRUE,"iid, iid","flathead_sole","04_3",FALSE,TRUE,TRUE,TRUE,TRUE,FALSE,TRUE,FALSE,FALSE,NA
"11",11,11,11,11,11,11,11,NA,NA,NA,NA,NA,NA,NA,NA,NA,NA,"AI","flathead sole",10130,NA,NA,NA,"total_catch_wt_kg ~ 0 + factor(year)","delta_gamma",TRUE,"iid, iid","flathead_sole","06_1",FALSE,TRUE,TRUE,TRUE,TRUE,FALSE,TRUE,TRUE,FALSE,NA
"12",12,12,12,12,12,12,NA,NA,NA,NA,NA,NA,NA,NA,NA,NA,NA,"AI","flathead sole",10130,NA,NA,NA,"total_catch_wt_kg ~ 0 + factor(year)","delta_gamma",TRUE,"iid, iid","flathead_sole","06_2",FALSE,TRUE,TRUE,TRUE,TRUE,FALSE,TRUE,FALSE,FALSE,NA
"13",13,13,13,13,13,NA,NA,NA,NA,NA,NA,NA,NA,NA,NA,NA,NA,"AI","flathead sole",10130,NA,NA,NA,"total_catch_wt_kg ~ 0 + factor(year)","delta_gamma",TRUE,"iid, iid","flathead_sole","06_3",FALSE,TRUE,TRUE,TRUE,TRUE,FALSE,TRUE,FALSE,FALSE,NA
"14",14,14,14,14,NA,NA,NA,NA,NA,NA,NA,NA,NA,NA,NA,NA,NA,"AI","flathead sole",10130,NA,NA,NA,"total_catch_wt_kg ~ 0 + factor(year)","delta_gamma",TRUE,"iid, iid","flathead_sole","08_1",FALSE,TRUE,TRUE,TRUE,TRUE,FALSE,TRUE,TRUE,FALSE,NA
"15",15,15,15,NA,NA,NA,NA,NA,NA,NA,NA,NA,NA,NA,NA,NA,NA,"AI","flathead sole",10130,NA,NA,NA,"total_catch_wt_kg ~ 0 + factor(year)","delta_gamma",TRUE,"iid, iid","flathead_sole","08_2",FALSE,TRUE,TRUE,TRUE,TRUE,FALSE,TRUE,FALSE,FALSE,NA
"16",16,16,NA,NA,NA,NA,NA,NA,NA,NA,NA,NA,NA,NA,NA,NA,NA,"AI","flathead sole",10130,NA,NA,NA,"total_catch_wt_kg ~ 0 + factor(year)","delta_gamma",TRUE,"iid, iid","flathead_sole","08_3",FALSE,TRUE,TRUE,TRUE,TRUE,FALSE,TRUE,FALSE,FALSE,NA
"17",17,NA,NA,NA,NA,NA,NA,NA,NA,NA,NA,NA,NA,NA,NA,NA,NA,"AI","flathead sole",10130,NA,NA,NA,"total_catch_wt_kg ~ 0 + factor(year)","delta_gamma",TRUE,"iid, iid","flathead_sole","1_1",FALSE,TRUE,TRUE,TRUE,TRUE,FALSE,TRUE,FALSE,FALSE,NA
"18",NA,NA,NA,1,1,1,1,1,1,1,1,1,1,1,1,1,1,"AI","northern rockfish",30420,NA,NA,NA,"total_catch_wt_kg ~ 0 + factor(year)","delta_gamma",TRUE,"iid, iid","northern_rockfish","08_3",FALSE,TRUE,FALSE,TRUE,FALSE,FALSE,TRUE,FALSE,FALSE,NA
"19",NA,NA,NA,2,2,2,2,2,2,2,2,2,2,2,2,2,NA,"AI","northern rockfish",30420,NA,NA,NA,"total_catch_wt_kg ~ 0 + factor(year)","delta_gamma",TRUE,"iid, iid","northern_rockfish","1_1",FALSE,TRUE,TRUE,TRUE,FALSE,FALSE,TRUE,TRUE,FALSE,NA
"20",NA,NA,NA,3,3,3,3,3,3,3,3,3,3,3,3,NA,NA,"AI","northern rockfish",30420,NA,NA,NA,"total_catch_wt_kg ~ 0 + factor(year)","delta_gamma",TRUE,"iid, iid","northern_rockfish","08_3",FALSE,TRUE,FALSE,TRUE,FALSE,FALSE,TRUE,FALSE,FALSE,NA
"21",NA,NA,NA,4,4,4,4,4,4,4,4,4,4,4,NA,NA,NA,"AI","northern rockfish",30420,NA,NA,NA,"total_catch_wt_kg ~ 0 + factor(year)","delta_gamma",TRUE,"iid, iid","northern_rockfish","1_1",FALSE,TRUE,TRUE,TRUE,FALSE,FALSE,TRUE,TRUE,FALSE,NA
"22",NA,NA,NA,5,5,5,5,5,5,5,5,5,5,NA,NA,NA,NA,"AI","northern rockfish",30420,NA,NA,NA,"total_catch_wt_kg ~ 0 + factor(year)","delta_gamma",TRUE,"iid, iid","northern_rockfish","02_1",FALSE,TRUE,TRUE,TRUE,TRUE,FALSE,TRUE,FALSE,FALSE,NA
"23",NA,NA,NA,6,6,6,6,6,6,6,6,6,NA,NA,NA,NA,NA,"AI","northern rockfish",30420,NA,NA,NA,"total_catch_wt_kg ~ 0 + factor(year)","delta_gamma",TRUE,"iid, iid","northern_rockfish","02_2",FALSE,TRUE,TRUE,TRUE,TRUE,FALSE,TRUE,FALSE,FALSE,NA
"24",NA,NA,NA,7,7,7,7,7,7,7,7,NA,NA,NA,NA,NA,NA,"AI","northern rockfish",30420,NA,NA,NA,"total_catch_wt_kg ~ 0 + factor(year)","delta_gamma",TRUE,"iid, iid","northern_rockfish","02_3",FALSE,TRUE,TRUE,TRUE,TRUE,FALSE,TRUE,FALSE,FALSE,NA
"25",NA,NA,NA,8,8,8,8,8,8,8,NA,NA,NA,NA,NA,NA,NA,"AI","northern rockfish",30420,NA,NA,NA,"total_catch_wt_kg ~ 0 + factor(year)","delta_gamma",TRUE,"iid, iid","northern_rockfish","04_1",FALSE,TRUE,TRUE,TRUE,FALSE,FALSE,TRUE,FALSE,FALSE,NA
"26",NA,NA,NA,9,9,9,9,9,9,NA,NA,NA,NA,NA,NA,NA,NA,"AI","northern rockfish",30420,NA,NA,NA,"total_catch_wt_kg ~ 0 + factor(year)","delta_gamma",TRUE,"iid, iid","northern_rockfish","04_2",FALSE,TRUE,TRUE,TRUE,TRUE,FALSE,TRUE,FALSE,FALSE,NA
"27",NA,NA,NA,10,10,10,10,10,NA,NA,NA,NA,NA,NA,NA,NA,NA,"AI","northern rockfish",30420,NA,NA,NA,"total_catch_wt_kg ~ 0 + factor(year)","delta_gamma",TRUE,"iid, iid","northern_rockfish","04_3",FALSE,TRUE,TRUE,TRUE,TRUE,FALSE,TRUE,FALSE,FALSE,NA
"28",NA,NA,NA,11,11,11,11,NA,NA,NA,NA,NA,NA,NA,NA,NA,NA,"AI","northern rockfish",30420,NA,NA,NA,"total_catch_wt_kg ~ 0 + factor(year)","delta_gamma",TRUE,"iid, iid","northern_rockfish","06_1",FALSE,TRUE,TRUE,TRUE,FALSE,FALSE,TRUE,FALSE,FALSE,NA
"29",NA,NA,NA,12,12,12,NA,NA,NA,NA,NA,NA,NA,NA,NA,NA,NA,"AI","northern rockfish",30420,NA,NA,NA,"total_catch_wt_kg ~ 0 + factor(year)","delta_gamma",TRUE,"iid, iid","northern_rockfish","06_2",FALSE,TRUE,FALSE,TRUE,FALSE,FALSE,TRUE,FALSE,FALSE,NA
"30",NA,NA,NA,13,13,NA,NA,NA,NA,NA,NA,NA,NA,NA,NA,NA,NA,"AI","northern rockfish",30420,NA,NA,NA,"total_catch_wt_kg ~ 0 + factor(year)","delta_gamma",TRUE,"iid, iid","northern_rockfish","06_3",FALSE,TRUE,TRUE,TRUE,TRUE,FALSE,TRUE,FALSE,FALSE,NA
"31",NA,NA,NA,14,NA,NA,NA,NA,NA,NA,NA,NA,NA,NA,NA,NA,NA,"AI","northern rockfish",30420,NA,NA,NA,"total_catch_wt_kg ~ 0 + factor(year)","delta_gamma",TRUE,"iid, iid","northern_rockfish","08_1",FALSE,TRUE,TRUE,TRUE,TRUE,FALSE,TRUE,FALSE,FALSE,NA
"32",1,1,1,1,1,1,1,1,1,1,1,1,1,1,1,1,1,"AI","Pacific cod",21720,NA,NA,NA,"total_catch_wt_kg ~ 0 + factor(year)","delta_gamma",TRUE,"iid, iid","pacific_cod","08_3",FALSE,TRUE,TRUE,TRUE,TRUE,FALSE,TRUE,FALSE,FALSE,NA
"33",2,2,2,2,2,2,2,2,2,2,2,2,2,2,2,2,NA,"AI","Pacific cod",21720,NA,NA,NA,"total_catch_wt_kg ~ 0 + factor(year)","delta_gamma",TRUE,"iid, iid","pacific_cod","1_1",FALSE,TRUE,TRUE,TRUE,FALSE,FALSE,TRUE,TRUE,FALSE,NA
"34",3,3,3,3,3,3,3,3,3,3,3,3,3,3,3,NA,NA,"AI","Pacific cod",21720,NA,NA,NA,"total_catch_wt_kg ~ 0 + factor(year)","delta_gamma",TRUE,"iid, iid","pacific_cod","08_3",FALSE,TRUE,TRUE,TRUE,TRUE,FALSE,TRUE,FALSE,FALSE,NA
"35",4,4,4,4,4,4,4,4,4,4,4,4,4,4,NA,NA,NA,"AI","Pacific cod",21720,NA,NA,NA,"total_catch_wt_kg ~ 0 + factor(year)","delta_gamma",TRUE,"iid, iid","pacific_cod","1_1",FALSE,TRUE,TRUE,TRUE,FALSE,FALSE,TRUE,TRUE,FALSE,NA
"36",5,5,5,5,5,5,5,5,5,5,5,5,5,NA,NA,NA,NA,"AI","Pacific cod",21720,NA,NA,NA,"total_catch_wt_kg ~ 0 + factor(year)","delta_gamma",TRUE,"iid, iid","pacific_cod","02_1",FALSE,TRUE,TRUE,TRUE,TRUE,FALSE,TRUE,TRUE,FALSE,NA
"37",6,6,6,6,6,6,6,6,6,6,6,6,NA,NA,NA,NA,NA,"AI","Pacific cod",21720,NA,NA,NA,"total_catch_wt_kg ~ 0 + factor(year)","delta_gamma",TRUE,"iid, iid","pacific_cod","02_2",FALSE,TRUE,TRUE,TRUE,TRUE,FALSE,TRUE,FALSE,FALSE,NA
"38",7,7,7,7,7,7,7,7,7,7,7,NA,NA,NA,NA,NA,NA,"AI","Pacific cod",21720,NA,NA,NA,"total_catch_wt_kg ~ 0 + factor(year)","delta_gamma",TRUE,"iid, iid","pacific_cod","02_3",FALSE,TRUE,TRUE,TRUE,TRUE,FALSE,TRUE,FALSE,FALSE,NA
"39",8,8,8,8,8,8,8,8,8,8,NA,NA,NA,NA,NA,NA,NA,"AI","Pacific cod",21720,NA,NA,NA,"total_catch_wt_kg ~ 0 + factor(year)","delta_gamma",TRUE,"iid, iid","pacific_cod","04_1",FALSE,TRUE,TRUE,TRUE,TRUE,FALSE,TRUE,FALSE,FALSE,NA
"40",9,9,9,9,9,9,9,9,9,NA,NA,NA,NA,NA,NA,NA,NA,"AI","Pacific cod",21720,NA,NA,NA,"total_catch_wt_kg ~ 0 + factor(year)","delta_gamma",TRUE,"iid, iid","pacific_cod","04_2",FALSE,TRUE,TRUE,TRUE,TRUE,FALSE,TRUE,FALSE,FALSE,NA
"41",10,10,10,10,10,10,10,10,NA,NA,NA,NA,NA,NA,NA,NA,NA,"AI","Pacific cod",21720,NA,NA,NA,"total_catch_wt_kg ~ 0 + factor(year)","delta_gamma",TRUE,"iid, iid","pacific_cod","04_3",FALSE,TRUE,TRUE,TRUE,TRUE,FALSE,TRUE,FALSE,FALSE,NA
"42",11,11,11,11,11,11,11,NA,NA,NA,NA,NA,NA,NA,NA,NA,NA,"AI","Pacific cod",21720,NA,NA,NA,"total_catch_wt_kg ~ 0 + factor(year)","delta_gamma",TRUE,"iid, iid","pacific_cod","06_1",FALSE,TRUE,TRUE,TRUE,TRUE,FALSE,TRUE,FALSE,FALSE,NA
"43",12,12,12,12,12,12,NA,NA,NA,NA,NA,NA,NA,NA,NA,NA,NA,"AI","Pacific cod",21720,NA,NA,NA,"total_catch_wt_kg ~ 0 + factor(year)","delta_gamma",TRUE,"iid, iid","pacific_cod","06_2",FALSE,TRUE,TRUE,TRUE,TRUE,FALSE,TRUE,FALSE,FALSE,NA
"44",13,13,13,13,13,NA,NA,NA,NA,NA,NA,NA,NA,NA,NA,NA,NA,"AI","Pacific cod",21720,NA,NA,NA,"total_catch_wt_kg ~ 0 + factor(year)","delta_gamma",TRUE,"iid, iid","pacific_cod","06_3",FALSE,TRUE,TRUE,TRUE,TRUE,FALSE,TRUE,FALSE,FALSE,NA
"45",14,14,14,14,NA,NA,NA,NA,NA,NA,NA,NA,NA,NA,NA,NA,NA,"AI","Pacific cod",21720,NA,NA,NA,"total_catch_wt_kg ~ 0 + factor(year)","delta_gamma",TRUE,"iid, iid","pacific_cod","08_1",FALSE,TRUE,TRUE,TRUE,TRUE,FALSE,TRUE,FALSE,FALSE,NA
"46",15,15,15,NA,NA,NA,NA,NA,NA,NA,NA,NA,NA,NA,NA,NA,NA,"AI","Pacific cod",21720,NA,NA,NA,"total_catch_wt_kg ~ 0 + factor(year)","delta_gamma",TRUE,"iid, iid","pacific_cod","08_2",FALSE,TRUE,TRUE,TRUE,TRUE,FALSE,TRUE,FALSE,FALSE,NA
"47",16,16,NA,NA,NA,NA,NA,NA,NA,NA,NA,NA,NA,NA,NA,NA,NA,"AI","Pacific cod",21720,NA,NA,NA,"total_catch_wt_kg ~ 0 + factor(year)","delta_gamma",TRUE,"iid, iid","pacific_cod","08_3",FALSE,TRUE,TRUE,TRUE,TRUE,FALSE,TRUE,FALSE,FALSE,NA
"48",17,NA,NA,NA,NA,NA,NA,NA,NA,NA,NA,NA,NA,NA,NA,NA,NA,"AI","Pacific cod",21720,NA,NA,NA,"total_catch_wt_kg ~ 0 + factor(year)","delta_gamma",TRUE,"iid, iid","pacific_cod","1_1",FALSE,TRUE,TRUE,TRUE,FALSE,FALSE,TRUE,FALSE,FALSE,NA
"49",1,1,1,1,1,1,1,1,1,1,1,1,1,1,1,1,1,"AI","Pacific ocean perch",30060,NA,NA,NA,"total_catch_wt_kg ~ 0 + factor(year)","delta_gamma",TRUE,"iid, iid","pacific_ocean_perch","08_3",FALSE,TRUE,TRUE,TRUE,FALSE,FALSE,TRUE,FALSE,FALSE,NA
"50",2,2,2,2,2,2,2,2,2,2,2,2,2,2,2,2,NA,"AI","Pacific ocean perch",30060,NA,NA,NA,"total_catch_wt_kg ~ 0 + factor(year)","delta_gamma",TRUE,"iid, iid","pacific_ocean_perch","1_1",FALSE,TRUE,TRUE,TRUE,FALSE,FALSE,TRUE,TRUE,FALSE,NA
"51",3,3,3,3,3,3,3,3,3,3,3,3,3,3,3,NA,NA,"AI","Pacific ocean perch",30060,NA,NA,NA,"total_catch_wt_kg ~ 0 + factor(year)","delta_gamma",TRUE,"iid, iid","pacific_ocean_perch","08_3",FALSE,TRUE,TRUE,TRUE,FALSE,FALSE,TRUE,FALSE,FALSE,NA
"52",4,4,4,4,4,4,4,4,4,4,4,4,4,4,NA,NA,NA,"AI","Pacific ocean perch",30060,NA,NA,NA,"total_catch_wt_kg ~ 0 + factor(year)","delta_gamma",TRUE,"iid, iid","pacific_ocean_perch","1_1",FALSE,TRUE,TRUE,TRUE,FALSE,FALSE,TRUE,TRUE,FALSE,NA
"53",5,5,5,5,5,5,5,5,5,5,5,5,5,NA,NA,NA,NA,"AI","Pacific ocean perch",30060,NA,NA,NA,"total_catch_wt_kg ~ 0 + factor(year)","delta_gamma",TRUE,"iid, iid","pacific_ocean_perch","02_1",FALSE,TRUE,TRUE,TRUE,TRUE,FALSE,TRUE,FALSE,FALSE,NA
"54",6,6,6,6,6,6,6,6,6,6,6,6,NA,NA,NA,NA,NA,"AI","Pacific ocean perch",30060,NA,NA,NA,"total_catch_wt_kg ~ 0 + factor(year)","delta_gamma",TRUE,"iid, iid","pacific_ocean_perch","02_2",FALSE,TRUE,TRUE,TRUE,TRUE,FALSE,TRUE,FALSE,FALSE,NA
"55",7,7,7,7,7,7,7,7,7,7,7,NA,NA,NA,NA,NA,NA,"AI","Pacific ocean perch",30060,NA,NA,NA,"total_catch_wt_kg ~ 0 + factor(year)","delta_gamma",TRUE,"iid, iid","pacific_ocean_perch","02_3",FALSE,TRUE,FALSE,TRUE,FALSE,FALSE,TRUE,FALSE,FALSE,NA
"56",8,8,8,8,8,8,8,8,8,8,NA,NA,NA,NA,NA,NA,NA,"AI","Pacific ocean perch",30060,NA,NA,NA,"total_catch_wt_kg ~ 0 + factor(year)","delta_gamma",TRUE,"iid, iid","pacific_ocean_perch","04_1",FALSE,TRUE,FALSE,TRUE,TRUE,FALSE,TRUE,FALSE,FALSE,NA
"57",9,9,9,9,9,9,9,9,9,NA,NA,NA,NA,NA,NA,NA,NA,"AI","Pacific ocean perch",30060,NA,NA,NA,"total_catch_wt_kg ~ 0 + factor(year)","delta_gamma",TRUE,"iid, iid","pacific_ocean_perch","04_2",FALSE,TRUE,FALSE,TRUE,FALSE,FALSE,TRUE,FALSE,FALSE,NA
"58",10,10,10,10,10,10,10,10,NA,NA,NA,NA,NA,NA,NA,NA,NA,"AI","Pacific ocean perch",30060,NA,NA,NA,"total_catch_wt_kg ~ 0 + factor(year)","delta_gamma",TRUE,"iid, iid","pacific_ocean_perch","04_3",FALSE,TRUE,TRUE,TRUE,TRUE,FALSE,TRUE,TRUE,FALSE,NA
"59",11,11,11,11,11,11,11,NA,NA,NA,NA,NA,NA,NA,NA,NA,NA,"AI","Pacific ocean perch",30060,NA,NA,NA,"total_catch_wt_kg ~ 0 + factor(year)","delta_gamma",TRUE,"iid, iid","pacific_ocean_perch","06_1",FALSE,TRUE,TRUE,TRUE,FALSE,FALSE,TRUE,FALSE,FALSE,NA
"60",12,12,12,12,12,12,NA,NA,NA,NA,NA,NA,NA,NA,NA,NA,NA,"AI","Pacific ocean perch",30060,NA,NA,NA,"total_catch_wt_kg ~ 0 + factor(year)","delta_gamma",TRUE,"iid, iid","pacific_ocean_perch","06_2",FALSE,TRUE,TRUE,TRUE,TRUE,FALSE,TRUE,FALSE,FALSE,NA
"61",13,13,13,13,13,NA,NA,NA,NA,NA,NA,NA,NA,NA,NA,NA,NA,"AI","Pacific ocean perch",30060,NA,NA,NA,"total_catch_wt_kg ~ 0 + factor(year)","delta_gamma",TRUE,"iid, iid","pacific_ocean_perch","06_3",FALSE,TRUE,TRUE,TRUE,FALSE,FALSE,TRUE,FALSE,FALSE,NA
"62",14,14,14,14,NA,NA,NA,NA,NA,NA,NA,NA,NA,NA,NA,NA,NA,"AI","Pacific ocean perch",30060,NA,NA,NA,"total_catch_wt_kg ~ 0 + factor(year)","delta_gamma",TRUE,"iid, iid","pacific_ocean_perch","08_1",FALSE,TRUE,TRUE,TRUE,FALSE,TRUE,TRUE,FALSE,FALSE,NA
"63",15,15,15,NA,NA,NA,NA,NA,NA,NA,NA,NA,NA,NA,NA,NA,NA,"AI","Pacific ocean perch",30060,NA,NA,NA,"total_catch_wt_kg ~ 0 + factor(year)","delta_gamma",TRUE,"iid, iid","pacific_ocean_perch","08_2",FALSE,TRUE,TRUE,TRUE,FALSE,FALSE,TRUE,FALSE,FALSE,NA
"64",16,16,NA,NA,NA,NA,NA,NA,NA,NA,NA,NA,NA,NA,NA,NA,NA,"AI","Pacific ocean perch",30060,NA,NA,NA,"total_catch_wt_kg ~ 0 + factor(year)","delta_gamma",TRUE,"iid, iid","pacific_ocean_perch","08_3",FALSE,TRUE,TRUE,TRUE,TRUE,FALSE,TRUE,FALSE,FALSE,NA
"65",17,NA,NA,NA,NA,NA,NA,NA,NA,NA,NA,NA,NA,NA,NA,NA,NA,"AI","Pacific ocean perch",30060,NA,NA,NA,"total_catch_wt_kg ~ 0 + factor(year)","delta_gamma",TRUE,"iid, iid","pacific_ocean_perch","1_1",FALSE,TRUE,TRUE,TRUE,TRUE,FALSE,TRUE,FALSE,FALSE,NA
"66",1,1,1,1,1,1,1,1,1,1,1,1,1,1,1,1,1,"AI","walleye pollock",21740,NA,NA,NA,"total_catch_wt_kg ~ 0 + factor(year)","delta_gamma",TRUE,"iid, iid","walleye_pollock","08_3",TRUE,TRUE,TRUE,TRUE,TRUE,FALSE,TRUE,FALSE,FALSE,1
"67",2,2,2,2,2,2,2,2,2,2,2,2,2,2,2,2,NA,"AI","walleye pollock",21740,NA,NA,NA,"total_catch_wt_kg ~ 0 + factor(year)","delta_gamma",TRUE,"iid, iid","walleye_pollock","1_1",FALSE,TRUE,TRUE,TRUE,TRUE,FALSE,TRUE,FALSE,FALSE,2
"68",3,3,3,3,3,3,3,3,3,3,3,3,3,3,3,NA,NA,"AI","walleye pollock",21740,NA,NA,NA,"total_catch_wt_kg ~ 0 + factor(year)","delta_gamma",TRUE,"iid, iid","walleye_pollock","08_3",TRUE,TRUE,TRUE,TRUE,TRUE,FALSE,TRUE,FALSE,FALSE,3
"69",4,4,4,4,4,4,4,4,4,4,4,4,4,4,NA,NA,NA,"AI","walleye pollock",21740,NA,NA,NA,"total_catch_wt_kg ~ 0 + factor(year)","delta_gamma",TRUE,"iid, iid","walleye_pollock","1_1",FALSE,TRUE,TRUE,TRUE,TRUE,FALSE,TRUE,FALSE,FALSE,4
"70",5,5,5,5,5,5,5,5,5,5,5,5,5,NA,NA,NA,NA,"AI","walleye pollock",21740,NA,NA,NA,"total_catch_wt_kg ~ 0 + factor(year)","delta_gamma",TRUE,"iid, iid","walleye_pollock","02_1",FALSE,TRUE,TRUE,TRUE,TRUE,FALSE,TRUE,FALSE,FALSE,5
"71",6,6,6,6,6,6,6,6,6,6,6,6,NA,NA,NA,NA,NA,"AI","walleye pollock",21740,NA,NA,NA,"total_catch_wt_kg ~ 0 + factor(year)","delta_gamma",TRUE,"iid, iid","walleye_pollock","02_1",FALSE,TRUE,TRUE,TRUE,TRUE,FALSE,TRUE,FALSE,FALSE,6
"72",7,7,7,7,7,7,7,7,7,7,7,NA,NA,NA,NA,NA,NA,"AI","walleye pollock",21740,NA,NA,NA,"total_catch_wt_kg ~ 0 + factor(year)","delta_gamma",TRUE,"iid, iid","walleye_pollock","02_2",FALSE,TRUE,TRUE,TRUE,TRUE,FALSE,TRUE,FALSE,FALSE,7
"73",8,8,8,8,8,8,8,8,8,8,NA,NA,NA,NA,NA,NA,NA,"AI","walleye pollock",21740,NA,NA,NA,"total_catch_wt_kg ~ 0 + factor(year)","delta_gamma",TRUE,"iid, iid","walleye_pollock","02_3",FALSE,TRUE,TRUE,TRUE,TRUE,FALSE,TRUE,FALSE,FALSE,8
"74",9,9,9,9,9,9,9,9,9,NA,NA,NA,NA,NA,NA,NA,NA,"AI","walleye pollock",21740,NA,NA,NA,"total_catch_wt_kg ~ 0 + factor(year)","delta_gamma",TRUE,"iid, iid","walleye_pollock","04_1",FALSE,TRUE,TRUE,TRUE,TRUE,FALSE,TRUE,FALSE,FALSE,9
"75",10,10,10,10,10,10,10,10,NA,NA,NA,NA,NA,NA,NA,NA,NA,"AI","walleye pollock",21740,NA,NA,NA,"total_catch_wt_kg ~ 0 + factor(year)","delta_gamma",TRUE,"iid, iid","walleye_pollock","04_2",FALSE,TRUE,TRUE,TRUE,TRUE,FALSE,TRUE,FALSE,FALSE,10
"76",11,11,11,11,11,11,11,NA,NA,NA,NA,NA,NA,NA,NA,NA,NA,"AI","walleye pollock",21740,NA,NA,NA,"total_catch_wt_kg ~ 0 + factor(year)","delta_gamma",TRUE,"iid, iid","walleye_pollock","04_3",FALSE,TRUE,TRUE,TRUE,TRUE,FALSE,TRUE,FALSE,FALSE,11
"77",12,12,12,12,12,12,NA,NA,NA,NA,NA,NA,NA,NA,NA,NA,NA,"AI","walleye pollock",21740,NA,NA,NA,"total_catch_wt_kg ~ 0 + factor(year)","delta_gamma",TRUE,"iid, iid","walleye_pollock","06_1",FALSE,TRUE,TRUE,TRUE,TRUE,FALSE,TRUE,FALSE,FALSE,12
"78",13,13,13,13,13,NA,NA,NA,NA,NA,NA,NA,NA,NA,NA,NA,NA,"AI","walleye pollock",21740,NA,NA,NA,"total_catch_wt_kg ~ 0 + factor(year)","delta_gamma",TRUE,"iid, iid","walleye_pollock","06_2",FALSE,TRUE,TRUE,TRUE,TRUE,FALSE,TRUE,FALSE,FALSE,13
"79",14,14,14,14,NA,NA,NA,NA,NA,NA,NA,NA,NA,NA,NA,NA,NA,"AI","walleye pollock",21740,NA,NA,NA,"total_catch_wt_kg ~ 0 + factor(year)","delta_gamma",TRUE,"iid, iid","walleye_pollock","06_3",FALSE,TRUE,TRUE,TRUE,TRUE,FALSE,TRUE,FALSE,FALSE,14
"80",15,15,15,NA,NA,NA,NA,NA,NA,NA,NA,NA,NA,NA,NA,NA,NA,"AI","walleye pollock",21740,NA,NA,NA,"total_catch_wt_kg ~ 0 + factor(year)","delta_gamma",TRUE,"iid, iid","walleye_pollock","08_1",FALSE,TRUE,TRUE,TRUE,TRUE,FALSE,TRUE,FALSE,FALSE,15
"81",16,16,NA,NA,NA,NA,NA,NA,NA,NA,NA,NA,NA,NA,NA,NA,NA,"AI","walleye pollock",21740,NA,NA,NA,"total_catch_wt_kg ~ 0 + factor(year)","delta_gamma",TRUE,"iid, iid","walleye_pollock","08_2",FALSE,TRUE,TRUE,TRUE,TRUE,FALSE,TRUE,FALSE,FALSE,16
"82",17,NA,NA,NA,NA,NA,NA,NA,NA,NA,NA,NA,NA,NA,NA,NA,NA,"AI","walleye pollock",21740,NA,NA,NA,"total_catch_wt_kg ~ 0 + factor(year)","delta_gamma",TRUE,"iid, iid","walleye_pollock","08_3",FALSE,TRUE,TRUE,TRUE,TRUE,FALSE,TRUE,FALSE,FALSE,17
"83",NA,NA,NA,NA,NA,NA,NA,NA,NA,NA,NA,NA,NA,NA,NA,NA,NA,"AI","walleye pollock",21740,NA,NA,NA,"total_catch_wt_kg ~ 0 + factor(year)","delta_gamma",TRUE,"iid, iid","walleye_pollock","1_1",FALSE,TRUE,TRUE,TRUE,TRUE,FALSE,TRUE,FALSE,FALSE,18
