"","X.16","X.15","X.14","X.13","X.12","X.11","X.10","X.9","X.8","X.7","X.6","X.5","X.4","X.3","X.2","X.1","X","srvy","common_name","species_code","filter_lat_lt","filter_lat_gt","filter_depth","model_fn","model_family","model_anisotropy","model_spatiotemporal","file_name","effort","year","est","lwr","upr","log_est","se","type"
"1","1","1","1","1","1","1","1","1","1","1","1","1","1","1","1","1","1","AI","walleye pollock","21740",NA,NA,NA,"total_catch_wt_kg ~ 0 + factor(year)","delta_gamma","TRUE","iid, iid","walleye_pollock","08_3","1991","10606984.9175005","7296915.29366068","15418587.7884353","16.1770232965483","0.190850977465485","index"
"2","2","2","2","2","2","2","2","2","2","2","2","2","2","2","2","2","2","AI","walleye pollock","21740",NA,NA,NA,"total_catch_wt_kg ~ 0 + factor(year)","delta_gamma","TRUE","iid, iid","walleye_pollock","08_3","1994","8568700.60668172","5842714.1045064","12566527.9480846","15.963626657921","0.195371277316669","index"
"3","3","3","3","3","3","3","3","3","3","3","3","3","3","3","3","3","3","AI","walleye pollock","21740",NA,NA,NA,"total_catch_wt_kg ~ 0 + factor(year)","delta_gamma","TRUE","iid, iid","walleye_pollock","08_3","1997","4956972.24994062","2972559.34813619","8266133.99732046","15.416305678831","0.260908776786527","index"
"4","4","4","4","4","4","4","4","4","4","4","4","4","4","4","4","4","4","AI","walleye pollock","21740",NA,NA,NA,"total_catch_wt_kg ~ 0 + factor(year)","delta_gamma","TRUE","iid, iid","walleye_pollock","08_3","2000","7895304.71185143","4850008.93476138","12852726.1148335","15.8817788004751","0.248620739558451","index"
"5","5","5","5","5","5","5","5","5","5","5","5","5","5","5","5","5","5","AI","walleye pollock","21740",NA,NA,NA,"total_catch_wt_kg ~ 0 + factor(year)","delta_gamma","TRUE","iid, iid","walleye_pollock","08_3","2002","11415455.4731647","6998201.50075058","18620873.326644","16.2504787384347","0.249655094048018","index"
"6","6","6","6","6","6","6","6","6","6","6","6","6","6","6","6","6","6","AI","walleye pollock","21740",NA,NA,NA,"total_catch_wt_kg ~ 0 + factor(year)","delta_gamma","TRUE","iid, iid","walleye_pollock","08_3","2004","3601706.90004733","2160084.77946449","6005455.30303887","15.09691842996","0.260851936745076","index"
"7","7","7","7","7","7","7","7","7","7","7","7","7","7","7","7","7","7","AI","walleye pollock","21740",NA,NA,NA,"total_catch_wt_kg ~ 0 + factor(year)","delta_gamma","TRUE","iid, iid","walleye_pollock","08_3","2006","2750050.00243774","1629751.10663068","4640447.84822572","14.8271296521821","0.266939489961921","index"
"8","8","8","8","8","8","8","8","8","8","8","8","8","8","8","8","8","8","AI","walleye pollock","21740",NA,NA,NA,"total_catch_wt_kg ~ 0 + factor(year)","delta_gamma","TRUE","iid, iid","walleye_pollock","08_3","2010","6946434.39034837","4005676.37039005","12046143.0923626","15.7537390485323","0.280880693295063","index"
"9","9","9","9","9","9","9","9","9","9","9","9","9","9","9","9","9","9","AI","walleye pollock","21740",NA,NA,NA,"total_catch_wt_kg ~ 0 + factor(year)","delta_gamma","TRUE","iid, iid","walleye_pollock","08_3","2012","2885637.76151386","1741632.36434521","4781092.41717342","14.8752564946772","0.257618571983824","index"
"10","10","10","10","10","10","10","10","10","10","10","10","10","10","10","10","10","10","AI","walleye pollock","21740",NA,NA,NA,"total_catch_wt_kg ~ 0 + factor(year)","delta_gamma","TRUE","iid, iid","walleye_pollock","08_3","2014","4459066.40910541","2787476.03766154","7133074.14025078","15.310449976772","0.23969975066825","index"
"11","11","11","11","11","11","11","11","11","11","11","11","11","11","11","11","11","11","AI","walleye pollock","21740",NA,NA,NA,"total_catch_wt_kg ~ 0 + factor(year)","delta_gamma","TRUE","iid, iid","walleye_pollock","08_3","2016","3238639.63335223","1994710.03253195","5258301.45918811","14.9906639333507","0.247277341080334","index"
"12","12","12","12","12","12","12","12","12","12","12","12","12","12","12","12","12","12","AI","walleye pollock","21740",NA,NA,NA,"total_catch_wt_kg ~ 0 + factor(year)","delta_gamma","TRUE","iid, iid","walleye_pollock","08_3","2018","5499081.0732634","3390041.27523077","8920213.7069158","15.5200915586552","0.246810098350824","index"
"13","13","13","13","13","13","13","13","13","13","13","13","13","13","13","13","13","13","AI","walleye pollock","21740",NA,NA,NA,"total_catch_wt_kg ~ 0 + factor(year)","delta_gamma","TRUE","iid, iid","walleye_pollock","08_3","2022","5913652.88150824","3514565.49100678","9950388.03301768","15.5927742833041","0.26548846176152","index"
"14","14","14","14","14","14","14","14","14","14","14","14","14","14","14","14","14","14","AI","walleye pollock","21740",NA,NA,NA,"total_catch_wt_kg ~ 0 + factor(year)","delta_gamma","TRUE","iid, iid","walleye_pollock","08_3","2024","3255891.58427056","1860544.35481072","5697703.46034149","14.995976708336","0.285513941073222","index"
"15","15","15","15","15","15","15","15","15","15","15","15","15","15","15","15","15",NA,"AI","walleye pollock","21740",NA,NA,NA,"total_catch_wt_kg ~ 0 + factor(year)","delta_gamma","TRUE","iid, iid","walleye_pollock","1_1","1991","13071955.5635733","9116926.41009236","18742722.5547064","16.3859796967167","0.18384848433365","index"
"16","16","16","16","16","16","16","16","16","16","16","16","16","16","16","16","16",NA,"AI","walleye pollock","21740",NA,NA,NA,"total_catch_wt_kg ~ 0 + factor(year)","delta_gamma","TRUE","iid, iid","walleye_pollock","1_1","1994","10038499.4579354","6932994.27187721","14535057.6410736","16.1219382046772","0.188848293072615","index"
"17","17","17","17","17","17","17","17","17","17","17","17","17","17","17","17","17",NA,"AI","walleye pollock","21740",NA,NA,NA,"total_catch_wt_kg ~ 0 + factor(year)","delta_gamma","TRUE","iid, iid","walleye_pollock","1_1","1997","4275199.35767231","2621272.85171263","6972692.49780698","15.2683412926393","0.249581480817583","index"
"18","18","18","18","18","18","18","18","18","18","18","18","18","18","18","18","18",NA,"AI","walleye pollock","21740",NA,NA,NA,"total_catch_wt_kg ~ 0 + factor(year)","delta_gamma","TRUE","iid, iid","walleye_pollock","1_1","2000","10128653.025961","6280875.18702672","16333649.2233136","16.1308788985744","0.243810096827077","index"
"19","19","19","19","19","19","19","19","19","19","19","19","19","19","19","19","19",NA,"AI","walleye pollock","21740",NA,NA,NA,"total_catch_wt_kg ~ 0 + factor(year)","delta_gamma","TRUE","iid, iid","walleye_pollock","1_1","2002","11003101.7286187","6984246.25787483","17334475.7873944","16.213687766344","0.231902286857279","index"
"20","20","20","20","20","20","20","20","20","20","20","20","20","20","20","20","20",NA,"AI","walleye pollock","21740",NA,NA,NA,"total_catch_wt_kg ~ 0 + factor(year)","delta_gamma","TRUE","iid, iid","walleye_pollock","1_1","2004","5002057.92707883","3157613.94594818","7923889.34624462","15.4253599711361","0.234714900281135","index"
"21","21","21","21","21","21","21","21","21","21","21","21","21","21","21","21","21",NA,"AI","walleye pollock","21740",NA,NA,NA,"total_catch_wt_kg ~ 0 + factor(year)","delta_gamma","TRUE","iid, iid","walleye_pollock","1_1","2006","3861340.17019002","2338097.0722105","6376958.46213384","15.1665248755327","0.255962323797994","index"
"22","22","22","22","22","22","22","22","22","22","22","22","22","22","22","22","22",NA,"AI","walleye pollock","21740",NA,NA,NA,"total_catch_wt_kg ~ 0 + factor(year)","delta_gamma","TRUE","iid, iid","walleye_pollock","1_1","2010","5243548.39074521","3111346.17317438","8836946.51631607","15.4725090009248","0.266302320567924","index"
"23","23","23","23","23","23","23","23","23","23","23","23","23","23","23","23","23",NA,"AI","walleye pollock","21740",NA,NA,NA,"total_catch_wt_kg ~ 0 + factor(year)","delta_gamma","TRUE","iid, iid","walleye_pollock","1_1","2012","3066821.36853349","1938430.71573388","4852065.76131499","14.9361521983397","0.234067007188985","index"
"24","24","24","24","24","24","24","24","24","24","24","24","24","24","24","24","24",NA,"AI","walleye pollock","21740",NA,NA,NA,"total_catch_wt_kg ~ 0 + factor(year)","delta_gamma","TRUE","iid, iid","walleye_pollock","1_1","2014","5717631.74625454","3711878.07278675","8807216.22443654","15.5590652472467","0.220420745011847","index"
"25","25","25","25","25","25","25","25","25","25","25","25","25","25","25","25","25",NA,"AI","walleye pollock","21740",NA,NA,NA,"total_catch_wt_kg ~ 0 + factor(year)","delta_gamma","TRUE","iid, iid","walleye_pollock","1_1","2016","4081860.02080668","2547323.95075463","6540817.5605321","15.2220633299478","0.240570438358769","index"
"26","26","26","26","26","26","26","26","26","26","26","26","26","26","26","26","26",NA,"AI","walleye pollock","21740",NA,NA,NA,"total_catch_wt_kg ~ 0 + factor(year)","delta_gamma","TRUE","iid, iid","walleye_pollock","1_1","2018","5734107.59496391","3527013.55331881","9322331.60252074","15.561942689631","0.247953861152887","index"
"27","27","27","27","27","27","27","27","27","27","27","27","27","27","27","27","27",NA,"AI","walleye pollock","21740",NA,NA,NA,"total_catch_wt_kg ~ 0 + factor(year)","delta_gamma","TRUE","iid, iid","walleye_pollock","1_1","2022","5818609.1106213","3497886.28641443","9679048.77688577","15.576571806717","0.25964884297406","index"
"28","28","28","28","28","28","28","28","28","28","28","28","28","28","28","28","28",NA,"AI","walleye pollock","21740",NA,NA,NA,"total_catch_wt_kg ~ 0 + factor(year)","delta_gamma","TRUE","iid, iid","walleye_pollock","1_1","2024","3875428.23955707","2273204.90359803","6606946.87759314","15.1701667280975","0.27218126800706","index"
"29","29","29","29","29","29","29","29","29","29","29","29","29","29","29","29",NA,NA,"AI","walleye pollock","21740",NA,NA,NA,"total_catch_wt_kg ~ 0 + factor(year)","delta_gamma","TRUE","iid, iid","walleye_pollock","08_3","1991","10606984.9175005","7296915.29366068","15418587.7884353","16.1770232965483","0.190850977465485","index"
"30","30","30","30","30","30","30","30","30","30","30","30","30","30","30","30",NA,NA,"AI","walleye pollock","21740",NA,NA,NA,"total_catch_wt_kg ~ 0 + factor(year)","delta_gamma","TRUE","iid, iid","walleye_pollock","08_3","1994","8568700.60668172","5842714.1045064","12566527.9480846","15.963626657921","0.195371277316669","index"
"31","31","31","31","31","31","31","31","31","31","31","31","31","31","31","31",NA,NA,"AI","walleye pollock","21740",NA,NA,NA,"total_catch_wt_kg ~ 0 + factor(year)","delta_gamma","TRUE","iid, iid","walleye_pollock","08_3","1997","4956972.24994062","2972559.34813619","8266133.99732046","15.416305678831","0.260908776786527","index"
"32","32","32","32","32","32","32","32","32","32","32","32","32","32","32","32",NA,NA,"AI","walleye pollock","21740",NA,NA,NA,"total_catch_wt_kg ~ 0 + factor(year)","delta_gamma","TRUE","iid, iid","walleye_pollock","08_3","2000","7895304.71185143","4850008.93476138","12852726.1148335","15.8817788004751","0.248620739558451","index"
"33","33","33","33","33","33","33","33","33","33","33","33","33","33","33","33",NA,NA,"AI","walleye pollock","21740",NA,NA,NA,"total_catch_wt_kg ~ 0 + factor(year)","delta_gamma","TRUE","iid, iid","walleye_pollock","08_3","2002","11415455.4731647","6998201.50075058","18620873.326644","16.2504787384347","0.249655094048018","index"
"34","34","34","34","34","34","34","34","34","34","34","34","34","34","34","34",NA,NA,"AI","walleye pollock","21740",NA,NA,NA,"total_catch_wt_kg ~ 0 + factor(year)","delta_gamma","TRUE","iid, iid","walleye_pollock","08_3","2004","3601706.90004733","2160084.77946449","6005455.30303887","15.09691842996","0.260851936745076","index"
"35","35","35","35","35","35","35","35","35","35","35","35","35","35","35","35",NA,NA,"AI","walleye pollock","21740",NA,NA,NA,"total_catch_wt_kg ~ 0 + factor(year)","delta_gamma","TRUE","iid, iid","walleye_pollock","08_3","2006","2750050.00243774","1629751.10663068","4640447.84822572","14.8271296521821","0.266939489961921","index"
"36","36","36","36","36","36","36","36","36","36","36","36","36","36","36","36",NA,NA,"AI","walleye pollock","21740",NA,NA,NA,"total_catch_wt_kg ~ 0 + factor(year)","delta_gamma","TRUE","iid, iid","walleye_pollock","08_3","2010","6946434.39034837","4005676.37039005","12046143.0923626","15.7537390485323","0.280880693295063","index"
"37","37","37","37","37","37","37","37","37","37","37","37","37","37","37","37",NA,NA,"AI","walleye pollock","21740",NA,NA,NA,"total_catch_wt_kg ~ 0 + factor(year)","delta_gamma","TRUE","iid, iid","walleye_pollock","08_3","2012","2885637.76151386","1741632.36434521","4781092.41717342","14.8752564946772","0.257618571983824","index"
"38","38","38","38","38","38","38","38","38","38","38","38","38","38","38","38",NA,NA,"AI","walleye pollock","21740",NA,NA,NA,"total_catch_wt_kg ~ 0 + factor(year)","delta_gamma","TRUE","iid, iid","walleye_pollock","08_3","2014","4459066.40910541","2787476.03766154","7133074.14025078","15.310449976772","0.23969975066825","index"
"39","39","39","39","39","39","39","39","39","39","39","39","39","39","39","39",NA,NA,"AI","walleye pollock","21740",NA,NA,NA,"total_catch_wt_kg ~ 0 + factor(year)","delta_gamma","TRUE","iid, iid","walleye_pollock","08_3","2016","3238639.63335223","1994710.03253195","5258301.45918811","14.9906639333507","0.247277341080334","index"
"40","40","40","40","40","40","40","40","40","40","40","40","40","40","40","40",NA,NA,"AI","walleye pollock","21740",NA,NA,NA,"total_catch_wt_kg ~ 0 + factor(year)","delta_gamma","TRUE","iid, iid","walleye_pollock","08_3","2018","5499081.0732634","3390041.27523077","8920213.7069158","15.5200915586552","0.246810098350824","index"
"41","41","41","41","41","41","41","41","41","41","41","41","41","41","41","41",NA,NA,"AI","walleye pollock","21740",NA,NA,NA,"total_catch_wt_kg ~ 0 + factor(year)","delta_gamma","TRUE","iid, iid","walleye_pollock","08_3","2022","5913652.88150824","3514565.49100678","9950388.03301768","15.5927742833041","0.26548846176152","index"
"42","42","42","42","42","42","42","42","42","42","42","42","42","42","42","42",NA,NA,"AI","walleye pollock","21740",NA,NA,NA,"total_catch_wt_kg ~ 0 + factor(year)","delta_gamma","TRUE","iid, iid","walleye_pollock","08_3","2024","3255891.58427056","1860544.35481072","5697703.46034149","14.995976708336","0.285513941073222","index"
"43","43","43","43","43","43","43","43","43","43","43","43","43","43","43",NA,NA,NA,"AI","walleye pollock","21740",NA,NA,NA,"total_catch_wt_kg ~ 0 + factor(year)","delta_gamma","TRUE","iid, iid","walleye_pollock","1_1","1991","13071955.5635733","9116926.41009236","18742722.5547064","16.3859796967167","0.18384848433365","index"
"44","44","44","44","44","44","44","44","44","44","44","44","44","44","44",NA,NA,NA,"AI","walleye pollock","21740",NA,NA,NA,"total_catch_wt_kg ~ 0 + factor(year)","delta_gamma","TRUE","iid, iid","walleye_pollock","1_1","1994","10038499.4579354","6932994.27187721","14535057.6410736","16.1219382046772","0.188848293072615","index"
"45","45","45","45","45","45","45","45","45","45","45","45","45","45","45",NA,NA,NA,"AI","walleye pollock","21740",NA,NA,NA,"total_catch_wt_kg ~ 0 + factor(year)","delta_gamma","TRUE","iid, iid","walleye_pollock","1_1","1997","4275199.35767231","2621272.85171263","6972692.49780698","15.2683412926393","0.249581480817583","index"
"46","46","46","46","46","46","46","46","46","46","46","46","46","46","46",NA,NA,NA,"AI","walleye pollock","21740",NA,NA,NA,"total_catch_wt_kg ~ 0 + factor(year)","delta_gamma","TRUE","iid, iid","walleye_pollock","1_1","2000","10128653.025961","6280875.18702672","16333649.2233136","16.1308788985744","0.243810096827077","index"
"47","47","47","47","47","47","47","47","47","47","47","47","47","47","47",NA,NA,NA,"AI","walleye pollock","21740",NA,NA,NA,"total_catch_wt_kg ~ 0 + factor(year)","delta_gamma","TRUE","iid, iid","walleye_pollock","1_1","2002","11003101.7286187","6984246.25787483","17334475.7873944","16.213687766344","0.231902286857279","index"
"48","48","48","48","48","48","48","48","48","48","48","48","48","48","48",NA,NA,NA,"AI","walleye pollock","21740",NA,NA,NA,"total_catch_wt_kg ~ 0 + factor(year)","delta_gamma","TRUE","iid, iid","walleye_pollock","1_1","2004","5002057.92707883","3157613.94594818","7923889.34624462","15.4253599711361","0.234714900281135","index"
"49","49","49","49","49","49","49","49","49","49","49","49","49","49","49",NA,NA,NA,"AI","walleye pollock","21740",NA,NA,NA,"total_catch_wt_kg ~ 0 + factor(year)","delta_gamma","TRUE","iid, iid","walleye_pollock","1_1","2006","3861340.17019002","2338097.0722105","6376958.46213384","15.1665248755327","0.255962323797994","index"
"50","50","50","50","50","50","50","50","50","50","50","50","50","50","50",NA,NA,NA,"AI","walleye pollock","21740",NA,NA,NA,"total_catch_wt_kg ~ 0 + factor(year)","delta_gamma","TRUE","iid, iid","walleye_pollock","1_1","2010","5243548.39074521","3111346.17317438","8836946.51631607","15.4725090009248","0.266302320567924","index"
"51","51","51","51","51","51","51","51","51","51","51","51","51","51","51",NA,NA,NA,"AI","walleye pollock","21740",NA,NA,NA,"total_catch_wt_kg ~ 0 + factor(year)","delta_gamma","TRUE","iid, iid","walleye_pollock","1_1","2012","3066821.36853349","1938430.71573388","4852065.76131499","14.9361521983397","0.234067007188985","index"
"52","52","52","52","52","52","52","52","52","52","52","52","52","52","52",NA,NA,NA,"AI","walleye pollock","21740",NA,NA,NA,"total_catch_wt_kg ~ 0 + factor(year)","delta_gamma","TRUE","iid, iid","walleye_pollock","1_1","2014","5717631.74625454","3711878.07278675","8807216.22443654","15.5590652472467","0.220420745011847","index"
"53","53","53","53","53","53","53","53","53","53","53","53","53","53","53",NA,NA,NA,"AI","walleye pollock","21740",NA,NA,NA,"total_catch_wt_kg ~ 0 + factor(year)","delta_gamma","TRUE","iid, iid","walleye_pollock","1_1","2016","4081860.02080668","2547323.95075463","6540817.5605321","15.2220633299478","0.240570438358769","index"
"54","54","54","54","54","54","54","54","54","54","54","54","54","54","54",NA,NA,NA,"AI","walleye pollock","21740",NA,NA,NA,"total_catch_wt_kg ~ 0 + factor(year)","delta_gamma","TRUE","iid, iid","walleye_pollock","1_1","2018","5734107.59496391","3527013.55331881","9322331.60252074","15.561942689631","0.247953861152887","index"
"55","55","55","55","55","55","55","55","55","55","55","55","55","55","55",NA,NA,NA,"AI","walleye pollock","21740",NA,NA,NA,"total_catch_wt_kg ~ 0 + factor(year)","delta_gamma","TRUE","iid, iid","walleye_pollock","1_1","2022","5818609.1106213","3497886.28641443","9679048.77688577","15.576571806717","0.25964884297406","index"
"56","56","56","56","56","56","56","56","56","56","56","56","56","56","56",NA,NA,NA,"AI","walleye pollock","21740",NA,NA,NA,"total_catch_wt_kg ~ 0 + factor(year)","delta_gamma","TRUE","iid, iid","walleye_pollock","1_1","2024","3875428.23955707","2273204.90359803","6606946.87759314","15.1701667280975","0.27218126800706","index"
"57","57","57","57","57","57","57","57","57","57","57","57","57","57",NA,NA,NA,NA,"AI","walleye pollock","21740",NA,NA,NA,"total_catch_wt_kg ~ 0 + factor(year)","delta_gamma","TRUE","iid, iid","walleye_pollock","02_1","1991","9980805.80177559","4258350.53850433","23393209.0728599","16.1161743866891","0.434590608642203","index"
"58","58","58","58","58","58","58","58","58","58","58","58","58","58",NA,NA,NA,NA,"AI","walleye pollock","21740",NA,NA,NA,"total_catch_wt_kg ~ 0 + factor(year)","delta_gamma","TRUE","iid, iid","walleye_pollock","02_1","1994","3178048.11294732","1422900.2212623","7098171.50723896","14.9717777653435","0.409992232330396","index"
"59","59","59","59","59","59","59","59","59","59","59","59","59","59",NA,NA,NA,NA,"AI","walleye pollock","21740",NA,NA,NA,"total_catch_wt_kg ~ 0 + factor(year)","delta_gamma","TRUE","iid, iid","walleye_pollock","02_1","1997","1631345.80405491","683464.527843699","3893821.8795404","14.3049158787837","0.443878484329945","index"
"60","60","60","60","60","60","60","60","60","60","60","60","60","60",NA,NA,NA,NA,"AI","walleye pollock","21740",NA,NA,NA,"total_catch_wt_kg ~ 0 + factor(year)","delta_gamma","TRUE","iid, iid","walleye_pollock","02_1","2000","2742947.99404634","1191466.01735929","6314711.11087006","14.8245438102235","0.42544085635086","index"
"61","61","61","61","61","61","61","61","61","61","61","61","61","61",NA,NA,NA,NA,"AI","walleye pollock","21740",NA,NA,NA,"total_catch_wt_kg ~ 0 + factor(year)","delta_gamma","TRUE","iid, iid","walleye_pollock","02_1","2002","7400428.92980359","3423344.78819603","15997906.0636582","15.8170485199816","0.393333697311634","index"
"62","62","62","62","62","62","62","62","62","62","62","62","62","62",NA,NA,NA,NA,"AI","walleye pollock","21740",NA,NA,NA,"total_catch_wt_kg ~ 0 + factor(year)","delta_gamma","TRUE","iid, iid","walleye_pollock","02_1","2004","3354418.87767585","1403596.74599024","8016637.28492739","15.0257891025583","0.444518626399929","index"
"63","63","63","63","63","63","63","63","63","63","63","63","63","63",NA,NA,NA,NA,"AI","walleye pollock","21740",NA,NA,NA,"total_catch_wt_kg ~ 0 + factor(year)","delta_gamma","TRUE","iid, iid","walleye_pollock","02_1","2006","2563670.93591915","1020525.07762862","6440222.59888878","14.7569507486613","0.469969306136469","index"
"64","64","64","64","64","64","64","64","64","64","64","64","64","64",NA,NA,NA,NA,"AI","walleye pollock","21740",NA,NA,NA,"total_catch_wt_kg ~ 0 + factor(year)","delta_gamma","TRUE","iid, iid","walleye_pollock","02_1","2010","5600407.77055375","2283783.88399375","13733596.8680321","15.5383499692247","0.457664402375805","index"
"65","65","65","65","65","65","65","65","65","65","65","65","65","65",NA,NA,NA,NA,"AI","walleye pollock","21740",NA,NA,NA,"total_catch_wt_kg ~ 0 + factor(year)","delta_gamma","TRUE","iid, iid","walleye_pollock","02_1","2012","4622122.63844005","2102579.01457281","10160863.1764646","15.3463646030949","0.401889707126032","index"
"66","66","66","66","66","66","66","66","66","66","66","66","66","66",NA,NA,NA,NA,"AI","walleye pollock","21740",NA,NA,NA,"total_catch_wt_kg ~ 0 + factor(year)","delta_gamma","TRUE","iid, iid","walleye_pollock","02_1","2014","4284197.74312864","1958822.0992426","9370095.58413981","15.2704438680113","0.399287942741008","index"
"67","67","67","67","67","67","67","67","67","67","67","67","67","67",NA,NA,NA,NA,"AI","walleye pollock","21740",NA,NA,NA,"total_catch_wt_kg ~ 0 + factor(year)","delta_gamma","TRUE","iid, iid","walleye_pollock","02_1","2016","2664661.88794082","1238297.75358983","5734019.10522746","14.7955877362165","0.390996736250208","index"
"68","68","68","68","68","68","68","68","68","68","68","68","68","68",NA,NA,NA,NA,"AI","walleye pollock","21740",NA,NA,NA,"total_catch_wt_kg ~ 0 + factor(year)","delta_gamma","TRUE","iid, iid","walleye_pollock","02_1","2018","1975387.89830531","889373.023394085","4387537.33937127","14.4962753412378","0.407152030432603","index"
"69","69","69","69","69","69","69","69","69","69","69","69","69","69",NA,NA,NA,NA,"AI","walleye pollock","21740",NA,NA,NA,"total_catch_wt_kg ~ 0 + factor(year)","delta_gamma","TRUE","iid, iid","walleye_pollock","02_1","2022","2790440.28384954","1189895.38926787","6543900.45373761","14.8417099491786","0.434872274621565","index"
"70","70","70","70","70","70","70","70","70","70","70","70","70","70",NA,NA,NA,NA,"AI","walleye pollock","21740",NA,NA,NA,"total_catch_wt_kg ~ 0 + factor(year)","delta_gamma","TRUE","iid, iid","walleye_pollock","02_1","2024","1897997.08229925","706588.946303635","5098286.55438442","14.4563097209007","0.504144646742943","index"
"71","71","71","71","71","71","71","71","71","71","71","71","71",NA,NA,NA,NA,NA,"AI","walleye pollock","21740",NA,NA,NA,"total_catch_wt_kg ~ 0 + factor(year)","delta_gamma","TRUE","iid, iid","walleye_pollock","02_1","1991","9980805.80177559","4258350.53850433","23393209.0728599","16.1161743866891","0.434590608642203","index"
"72","72","72","72","72","72","72","72","72","72","72","72","72",NA,NA,NA,NA,NA,"AI","walleye pollock","21740",NA,NA,NA,"total_catch_wt_kg ~ 0 + factor(year)","delta_gamma","TRUE","iid, iid","walleye_pollock","02_1","1994","3178048.11294732","1422900.2212623","7098171.50723896","14.9717777653435","0.409992232330396","index"
"73","73","73","73","73","73","73","73","73","73","73","73","73",NA,NA,NA,NA,NA,"AI","walleye pollock","21740",NA,NA,NA,"total_catch_wt_kg ~ 0 + factor(year)","delta_gamma","TRUE","iid, iid","walleye_pollock","02_1","1997","1631345.80405491","683464.527843699","3893821.8795404","14.3049158787837","0.443878484329945","index"
"74","74","74","74","74","74","74","74","74","74","74","74","74",NA,NA,NA,NA,NA,"AI","walleye pollock","21740",NA,NA,NA,"total_catch_wt_kg ~ 0 + factor(year)","delta_gamma","TRUE","iid, iid","walleye_pollock","02_1","2000","2742947.99404634","1191466.01735929","6314711.11087006","14.8245438102235","0.42544085635086","index"
"75","75","75","75","75","75","75","75","75","75","75","75","75",NA,NA,NA,NA,NA,"AI","walleye pollock","21740",NA,NA,NA,"total_catch_wt_kg ~ 0 + factor(year)","delta_gamma","TRUE","iid, iid","walleye_pollock","02_1","2002","7400428.92980359","3423344.78819603","15997906.0636582","15.8170485199816","0.393333697311634","index"
"76","76","76","76","76","76","76","76","76","76","76","76","76",NA,NA,NA,NA,NA,"AI","walleye pollock","21740",NA,NA,NA,"total_catch_wt_kg ~ 0 + factor(year)","delta_gamma","TRUE","iid, iid","walleye_pollock","02_1","2004","3354418.87767585","1403596.74599024","8016637.28492739","15.0257891025583","0.444518626399929","index"
"77","77","77","77","77","77","77","77","77","77","77","77","77",NA,NA,NA,NA,NA,"AI","walleye pollock","21740",NA,NA,NA,"total_catch_wt_kg ~ 0 + factor(year)","delta_gamma","TRUE","iid, iid","walleye_pollock","02_1","2006","2563670.93591915","1020525.07762862","6440222.59888878","14.7569507486613","0.469969306136469","index"
"78","78","78","78","78","78","78","78","78","78","78","78","78",NA,NA,NA,NA,NA,"AI","walleye pollock","21740",NA,NA,NA,"total_catch_wt_kg ~ 0 + factor(year)","delta_gamma","TRUE","iid, iid","walleye_pollock","02_1","2010","5600407.77055375","2283783.88399375","13733596.8680321","15.5383499692247","0.457664402375805","index"
"79","79","79","79","79","79","79","79","79","79","79","79","79",NA,NA,NA,NA,NA,"AI","walleye pollock","21740",NA,NA,NA,"total_catch_wt_kg ~ 0 + factor(year)","delta_gamma","TRUE","iid, iid","walleye_pollock","02_1","2012","4622122.63844005","2102579.01457281","10160863.1764646","15.3463646030949","0.401889707126032","index"
"80","80","80","80","80","80","80","80","80","80","80","80","80",NA,NA,NA,NA,NA,"AI","walleye pollock","21740",NA,NA,NA,"total_catch_wt_kg ~ 0 + factor(year)","delta_gamma","TRUE","iid, iid","walleye_pollock","02_1","2014","4284197.74312864","1958822.0992426","9370095.58413981","15.2704438680113","0.399287942741008","index"
"81","81","81","81","81","81","81","81","81","81","81","81","81",NA,NA,NA,NA,NA,"AI","walleye pollock","21740",NA,NA,NA,"total_catch_wt_kg ~ 0 + factor(year)","delta_gamma","TRUE","iid, iid","walleye_pollock","02_1","2016","2664661.88794082","1238297.75358983","5734019.10522746","14.7955877362165","0.390996736250208","index"
"82","82","82","82","82","82","82","82","82","82","82","82","82",NA,NA,NA,NA,NA,"AI","walleye pollock","21740",NA,NA,NA,"total_catch_wt_kg ~ 0 + factor(year)","delta_gamma","TRUE","iid, iid","walleye_pollock","02_1","2018","1975387.89830531","889373.023394085","4387537.33937127","14.4962753412378","0.407152030432603","index"
"83","83","83","83","83","83","83","83","83","83","83","83","83",NA,NA,NA,NA,NA,"AI","walleye pollock","21740",NA,NA,NA,"total_catch_wt_kg ~ 0 + factor(year)","delta_gamma","TRUE","iid, iid","walleye_pollock","02_1","2022","2790440.28384954","1189895.38926787","6543900.45373761","14.8417099491786","0.434872274621565","index"
"84","84","84","84","84","84","84","84","84","84","84","84","84",NA,NA,NA,NA,NA,"AI","walleye pollock","21740",NA,NA,NA,"total_catch_wt_kg ~ 0 + factor(year)","delta_gamma","TRUE","iid, iid","walleye_pollock","02_1","2024","1897997.08229925","706588.946303635","5098286.55438442","14.4563097209007","0.504144646742943","index"
"85","85","85","85","85","85","85","85","85","85","85","85",NA,NA,NA,NA,NA,NA,"AI","walleye pollock","21740",NA,NA,NA,"total_catch_wt_kg ~ 0 + factor(year)","delta_gamma","TRUE","iid, iid","walleye_pollock","02_2","1991","3278481.79200156","1567365.00716425","6857651.41581944","15.0028910049115","0.376529662168992","index"
"86","86","86","86","86","86","86","86","86","86","86","86",NA,NA,NA,NA,NA,NA,"AI","walleye pollock","21740",NA,NA,NA,"total_catch_wt_kg ~ 0 + factor(year)","delta_gamma","TRUE","iid, iid","walleye_pollock","02_2","1994","10679164.0316472","4882743.89139273","23356650.8814572","16.1838051142424","0.39928653167904","index"
"87","87","87","87","87","87","87","87","87","87","87","87",NA,NA,NA,NA,NA,NA,"AI","walleye pollock","21740",NA,NA,NA,"total_catch_wt_kg ~ 0 + factor(year)","delta_gamma","TRUE","iid, iid","walleye_pollock","02_2","1997","6043792.38495216","2695998.89373489","13548754.2214094","15.6145422511812","0.411876400214639","index"
"88","88","88","88","88","88","88","88","88","88","88","88",NA,NA,NA,NA,NA,NA,"AI","walleye pollock","21740",NA,NA,NA,"total_catch_wt_kg ~ 0 + factor(year)","delta_gamma","TRUE","iid, iid","walleye_pollock","02_2","2000","4538028.7376771","2061297.00690614","9990653.8237752","15.3280032769764","0.402638683953796","index"
"89","89","89","89","89","89","89","89","89","89","89","89",NA,NA,NA,NA,NA,NA,"AI","walleye pollock","21740",NA,NA,NA,"total_catch_wt_kg ~ 0 + factor(year)","delta_gamma","TRUE","iid, iid","walleye_pollock","02_2","2002","7895534.14170497","3754370.69792654","16604502.9643071","15.8818078590774","0.379280755278118","index"
"90","90","90","90","90","90","90","90","90","90","90","90",NA,NA,NA,NA,NA,NA,"AI","walleye pollock","21740",NA,NA,NA,"total_catch_wt_kg ~ 0 + factor(year)","delta_gamma","TRUE","iid, iid","walleye_pollock","02_2","2004","2543338.7366156","1154983.28724866","5600576.21662953","14.7489882390787","0.402758322799079","index"
"91","91","91","91","91","91","91","91","91","91","91","91",NA,NA,NA,NA,NA,NA,"AI","walleye pollock","21740",NA,NA,NA,"total_catch_wt_kg ~ 0 + factor(year)","delta_gamma","TRUE","iid, iid","walleye_pollock","02_2","2006","2728874.04373737","1309767.52813324","5685553.6472164","14.8193996438937","0.37451679198925","index"
"92","92","92","92","92","92","92","92","92","92","92","92",NA,NA,NA,NA,NA,NA,"AI","walleye pollock","21740",NA,NA,NA,"total_catch_wt_kg ~ 0 + factor(year)","delta_gamma","TRUE","iid, iid","walleye_pollock","02_2","2010","3358974.90659066","1524656.12739935","7400168.61530013","15.0271463980666","0.403000744875911","index"
"93","93","93","93","93","93","93","93","93","93","93","93",NA,NA,NA,NA,NA,NA,"AI","walleye pollock","21740",NA,NA,NA,"total_catch_wt_kg ~ 0 + factor(year)","delta_gamma","TRUE","iid, iid","walleye_pollock","02_2","2012","1523789.96238524","744311.187972022","3119576.71332666","14.2367111857735","0.365566256142665","index"
"94","94","94","94","94","94","94","94","94","94","94","94",NA,NA,NA,NA,NA,NA,"AI","walleye pollock","21740",NA,NA,NA,"total_catch_wt_kg ~ 0 + factor(year)","delta_gamma","TRUE","iid, iid","walleye_pollock","02_2","2014","3454223.2661014","1720582.63931294","6934661.60790782","15.0551081754669","0.355585432053213","index"
"95","95","95","95","95","95","95","95","95","95","95","95",NA,NA,NA,NA,NA,NA,"AI","walleye pollock","21740",NA,NA,NA,"total_catch_wt_kg ~ 0 + factor(year)","delta_gamma","TRUE","iid, iid","walleye_pollock","02_2","2016","3007841.30444235","1517513.88854608","5961796.7130287","14.9167332048285","0.349062154252125","index"
"96","96","96","96","96","96","96","96","96","96","96","96",NA,NA,NA,NA,NA,NA,"AI","walleye pollock","21740",NA,NA,NA,"total_catch_wt_kg ~ 0 + factor(year)","delta_gamma","TRUE","iid, iid","walleye_pollock","02_2","2018","5111690.54363013","2389654.81896577","10934374.2897338","15.4470407379236","0.387956746988842","index"
"97","97","97","97","97","97","97","97","97","97","97","97",NA,NA,NA,NA,NA,NA,"AI","walleye pollock","21740",NA,NA,NA,"total_catch_wt_kg ~ 0 + factor(year)","delta_gamma","TRUE","iid, iid","walleye_pollock","02_2","2022","2816211.46576987","1209502.798769","6557278.76612247","14.8509030878191","0.431223824247721","index"
"98","98","98","98","98","98","98","98","98","98","98","98",NA,NA,NA,NA,NA,NA,"AI","walleye pollock","21740",NA,NA,NA,"total_catch_wt_kg ~ 0 + factor(year)","delta_gamma","TRUE","iid, iid","walleye_pollock","02_2","2024","4353839.43399492","1853655.40560664","10226236.0952712","15.286568642282","0.435670505454772","index"
"99","99","99","99","99","99","99","99","99","99","99",NA,NA,NA,NA,NA,NA,NA,"AI","walleye pollock","21740",NA,NA,NA,"total_catch_wt_kg ~ 0 + factor(year)","delta_gamma","TRUE","iid, iid","walleye_pollock","02_3","1991","7241344.15200746","3413288.91759824","15362621.3290816","15.7953174034845","0.38374711628211","index"
"100","100","100","100","100","100","100","100","100","100","100",NA,NA,NA,NA,NA,NA,NA,"AI","walleye pollock","21740",NA,NA,NA,"total_catch_wt_kg ~ 0 + factor(year)","delta_gamma","TRUE","iid, iid","walleye_pollock","02_3","1994","11229405.4898514","5685408.65464353","22179504.6434374","16.2340463858521","0.347268024144715","index"
"101","101","101","101","101","101","101","101","101","101","101",NA,NA,NA,NA,NA,NA,NA,"AI","walleye pollock","21740",NA,NA,NA,"total_catch_wt_kg ~ 0 + factor(year)","delta_gamma","TRUE","iid, iid","walleye_pollock","02_3","1997","2340007.15846845","1009977.18612155","5421541.77037481","14.6656645465038","0.428694737539817","index"
"102","102","102","102","102","102","102","102","102","102","102",NA,NA,NA,NA,NA,NA,NA,"AI","walleye pollock","21740",NA,NA,NA,"total_catch_wt_kg ~ 0 + factor(year)","delta_gamma","TRUE","iid, iid","walleye_pollock","02_3","2000","2527310.70215811","1116962.75544251","5718453.32722165","14.7426663317834","0.416611021483329","index"
"103","103","103","103","103","103","103","103","103","103","103",NA,NA,NA,NA,NA,NA,NA,"AI","walleye pollock","21740",NA,NA,NA,"total_catch_wt_kg ~ 0 + factor(year)","delta_gamma","TRUE","iid, iid","walleye_pollock","02_3","2002","2608855.16056443","1180934.24685926","5763339.71760477","14.774422047271","0.404398058184305","index"
"104","104","104","104","104","104","104","104","104","104","104",NA,NA,NA,NA,NA,NA,NA,"AI","walleye pollock","21740",NA,NA,NA,"total_catch_wt_kg ~ 0 + factor(year)","delta_gamma","TRUE","iid, iid","walleye_pollock","02_3","2004","6178567.51232377","2800209.45613325","13632800.3681044","15.6365970084431","0.403778965621819","index"
"105","105","105","105","105","105","105","105","105","105","105",NA,NA,NA,NA,NA,NA,NA,"AI","walleye pollock","21740",NA,NA,NA,"total_catch_wt_kg ~ 0 + factor(year)","delta_gamma","TRUE","iid, iid","walleye_pollock","02_3","2006","2012199.9461849","903366.518518987","4482066.29360638","14.5147391820957","0.408607274690673","index"
"106","106","106","106","106","106","106","106","106","106","106",NA,NA,NA,NA,NA,NA,NA,"AI","walleye pollock","21740",NA,NA,NA,"total_catch_wt_kg ~ 0 + factor(year)","delta_gamma","TRUE","iid, iid","walleye_pollock","02_3","2010","2832860.0782156","1170436.31695175","6856499.67154813","14.8567973876231","0.450982894005885","index"
"107","107","107","107","107","107","107","107","107","107","107",NA,NA,NA,NA,NA,NA,NA,"AI","walleye pollock","21740",NA,NA,NA,"total_catch_wt_kg ~ 0 + factor(year)","delta_gamma","TRUE","iid, iid","walleye_pollock","02_3","2012","3238223.75448215","1518050.14742899","6907606.51211159","14.9905355135136","0.38653681797236","index"
"108","108","108","108","108","108","108","108","108","108","108",NA,NA,NA,NA,NA,NA,NA,"AI","walleye pollock","21740",NA,NA,NA,"total_catch_wt_kg ~ 0 + factor(year)","delta_gamma","TRUE","iid, iid","walleye_pollock","02_3","2014","2558073.80212719","1246020.38550318","5251713.09656134","14.7547651122009","0.366996423874098","index"
"109","109","109","109","109","109","109","109","109","109","109",NA,NA,NA,NA,NA,NA,NA,"AI","walleye pollock","21740",NA,NA,NA,"total_catch_wt_kg ~ 0 + factor(year)","delta_gamma","TRUE","iid, iid","walleye_pollock","02_3","2016","3442219.67423242","1621427.29567693","7307682.7541169","15.0516270754","0.384093644224665","index"
"110","110","110","110","110","110","110","110","110","110","110",NA,NA,NA,NA,NA,NA,NA,"AI","walleye pollock","21740",NA,NA,NA,"total_catch_wt_kg ~ 0 + factor(year)","delta_gamma","TRUE","iid, iid","walleye_pollock","02_3","2018","2708616.49394501","1236989.06839091","5931017.09525573","14.8119485436573","0.399883740567677","index"
"111","111","111","111","111","111","111","111","111","111","111",NA,NA,NA,NA,NA,NA,NA,"AI","walleye pollock","21740",NA,NA,NA,"total_catch_wt_kg ~ 0 + factor(year)","delta_gamma","TRUE","iid, iid","walleye_pollock","02_3","2022","6345680.02023669","2809039.49931603","14335026.2354929","15.6632848275781","0.415789099349969","index"
"112","112","112","112","112","112","112","112","112","112","112",NA,NA,NA,NA,NA,NA,NA,"AI","walleye pollock","21740",NA,NA,NA,"total_catch_wt_kg ~ 0 + factor(year)","delta_gamma","TRUE","iid, iid","walleye_pollock","02_3","2024","5056672.57556011","2022898.5303163","12640247.2260552","15.4362192311912","0.46744597428858","index"
"113","113","113","113","113","113","113","113","113","113",NA,NA,NA,NA,NA,NA,NA,NA,"AI","walleye pollock","21740",NA,NA,NA,"total_catch_wt_kg ~ 0 + factor(year)","delta_gamma","TRUE","iid, iid","walleye_pollock","04_1","1991","8579821.57911753","5074297.22197297","14507100.2168984","15.9649236762733","0.267976904444193","index"
"114","114","114","114","114","114","114","114","114","114",NA,NA,NA,NA,NA,NA,NA,NA,"AI","walleye pollock","21740",NA,NA,NA,"total_catch_wt_kg ~ 0 + factor(year)","delta_gamma","TRUE","iid, iid","walleye_pollock","04_1","1994","6229451.26404286","3534219.19602199","10980095.1493796","15.6447988072765","0.289186871239383","index"
"115","115","115","115","115","115","115","115","115","115",NA,NA,NA,NA,NA,NA,NA,NA,"AI","walleye pollock","21740",NA,NA,NA,"total_catch_wt_kg ~ 0 + factor(year)","delta_gamma","TRUE","iid, iid","walleye_pollock","04_1","1997","2656668.32382611","1402764.03025616","5031414.00163519","14.792583385872","0.325836717093493","index"
"116","116","116","116","116","116","116","116","116","116",NA,NA,NA,NA,NA,NA,NA,NA,"AI","walleye pollock","21740",NA,NA,NA,"total_catch_wt_kg ~ 0 + factor(year)","delta_gamma","TRUE","iid, iid","walleye_pollock","04_1","2000","3356735.43219298","1851962.85617728","6084178.59146374","15.0264794620709","0.303435588018279","index"
"117","117","117","117","117","117","117","117","117","117",NA,NA,NA,NA,NA,NA,NA,NA,"AI","walleye pollock","21740",NA,NA,NA,"total_catch_wt_kg ~ 0 + factor(year)","delta_gamma","TRUE","iid, iid","walleye_pollock","04_1","2002","8483704.93526994","4693916.57837498","15333303.9109188","15.953657815098","0.3019851061045","index"
"118","118","118","118","118","118","118","118","118","118",NA,NA,NA,NA,NA,NA,NA,NA,"AI","walleye pollock","21740",NA,NA,NA,"total_catch_wt_kg ~ 0 + factor(year)","delta_gamma","TRUE","iid, iid","walleye_pollock","04_1","2004","4739784.29048433","2578240.85329183","8713520.72931382","15.3715021842991","0.310660963452357","index"
"119","119","119","119","119","119","119","119","119","119",NA,NA,NA,NA,NA,NA,NA,NA,"AI","walleye pollock","21740",NA,NA,NA,"total_catch_wt_kg ~ 0 + factor(year)","delta_gamma","TRUE","iid, iid","walleye_pollock","04_1","2006","2349405.38544463","1199552.16859208","4601471.95735115","14.6696728266331","0.342972615655665","index"
"120","120","120","120","120","120","120","120","120","120",NA,NA,NA,NA,NA,NA,NA,NA,"AI","walleye pollock","21740",NA,NA,NA,"total_catch_wt_kg ~ 0 + factor(year)","delta_gamma","TRUE","iid, iid","walleye_pollock","04_1","2010","3472224.6697404","1763281.51251327","6837447.15270646","15.0603060616955","0.345730299278241","index"
"121","121","121","121","121","121","121","121","121","121",NA,NA,NA,NA,NA,NA,NA,NA,"AI","walleye pollock","21740",NA,NA,NA,"total_catch_wt_kg ~ 0 + factor(year)","delta_gamma","TRUE","iid, iid","walleye_pollock","04_1","2012","3143133.31607882","1742361.66505484","5670055.32822815","14.9607307317045","0.301015073067913","index"
"122","122","122","122","122","122","122","122","122","122",NA,NA,NA,NA,NA,NA,NA,NA,"AI","walleye pollock","21740",NA,NA,NA,"total_catch_wt_kg ~ 0 + factor(year)","delta_gamma","TRUE","iid, iid","walleye_pollock","04_1","2014","4106759.73547046","2304908.4541532","7317199.73281004","15.2281448900028","0.294695911321395","index"
"123","123","123","123","123","123","123","123","123","123",NA,NA,NA,NA,NA,NA,NA,NA,"AI","walleye pollock","21740",NA,NA,NA,"total_catch_wt_kg ~ 0 + factor(year)","delta_gamma","TRUE","iid, iid","walleye_pollock","04_1","2016","2890454.03808971","1623585.6593281","5145847.70954839","14.8769241543541","0.294279143716052","index"
"124","124","124","124","124","124","124","124","124","124",NA,NA,NA,NA,NA,NA,NA,NA,"AI","walleye pollock","21740",NA,NA,NA,"total_catch_wt_kg ~ 0 + factor(year)","delta_gamma","TRUE","iid, iid","walleye_pollock","04_1","2018","3839785.63959996","2143948.88221401","6877008.06693317","15.1609270999849","0.297335637768871","index"
"125","125","125","125","125","125","125","125","125","125",NA,NA,NA,NA,NA,NA,NA,NA,"AI","walleye pollock","21740",NA,NA,NA,"total_catch_wt_kg ~ 0 + factor(year)","delta_gamma","TRUE","iid, iid","walleye_pollock","04_1","2022","2854020.12998557","1457131.0318114","5590046.96525956","14.8642391302476","0.34299564778106","index"
"126","126","126","126","126","126","126","126","126","126",NA,NA,NA,NA,NA,NA,NA,NA,"AI","walleye pollock","21740",NA,NA,NA,"total_catch_wt_kg ~ 0 + factor(year)","delta_gamma","TRUE","iid, iid","walleye_pollock","04_1","2024","2895700.0397427","1500338.1658746","5588792.52083675","14.8787374496863","0.335483901894477","index"
"127","127","127","127","127","127","127","127","127",NA,NA,NA,NA,NA,NA,NA,NA,NA,"AI","walleye pollock","21740",NA,NA,NA,"total_catch_wt_kg ~ 0 + factor(year)","delta_gamma","TRUE","iid, iid","walleye_pollock","04_2","1991","8007546.16204104","4633818.60391779","13837571.3462339","15.8958949252994","0.279088335809776","index"
"128","128","128","128","128","128","128","128","128",NA,NA,NA,NA,NA,NA,NA,NA,NA,"AI","walleye pollock","21740",NA,NA,NA,"total_catch_wt_kg ~ 0 + factor(year)","delta_gamma","TRUE","iid, iid","walleye_pollock","04_2","1994","10827154.7803892","6436080.26119128","18214079.9805389","16.1975678679689","0.265381208221886","index"
"129","129","129","129","129","129","129","129","129",NA,NA,NA,NA,NA,NA,NA,NA,NA,"AI","walleye pollock","21740",NA,NA,NA,"total_catch_wt_kg ~ 0 + factor(year)","delta_gamma","TRUE","iid, iid","walleye_pollock","04_2","1997","3007191.61117369","1644814.05979743","5498008.32042203","14.9165171816478","0.307852227985876","index"
"130","130","130","130","130","130","130","130","130",NA,NA,NA,NA,NA,NA,NA,NA,NA,"AI","walleye pollock","21740",NA,NA,NA,"total_catch_wt_kg ~ 0 + factor(year)","delta_gamma","TRUE","iid, iid","walleye_pollock","04_2","2000","3794444.55482743","2174576.52267622","6620971.63724563","15.1490485957355","0.284037920490679","index"
"131","131","131","131","131","131","131","131","131",NA,NA,NA,NA,NA,NA,NA,NA,NA,"AI","walleye pollock","21740",NA,NA,NA,"total_catch_wt_kg ~ 0 + factor(year)","delta_gamma","TRUE","iid, iid","walleye_pollock","04_2","2002","9186710.93313663","5153655.66587788","16375882.1389236","16.0332685339862","0.294929743447965","index"
"132","132","132","132","132","132","132","132","132",NA,NA,NA,NA,NA,NA,NA,NA,NA,"AI","walleye pollock","21740",NA,NA,NA,"total_catch_wt_kg ~ 0 + factor(year)","delta_gamma","TRUE","iid, iid","walleye_pollock","04_2","2004","2891565.42637743","1593674.29811982","5246461.35341808","14.8773085834652","0.303962624120947","index"
"133","133","133","133","133","133","133","133","133",NA,NA,NA,NA,NA,NA,NA,NA,NA,"AI","walleye pollock","21740",NA,NA,NA,"total_catch_wt_kg ~ 0 + factor(year)","delta_gamma","TRUE","iid, iid","walleye_pollock","04_2","2006","2865597.69877823","1655749.15786674","4959477.18422697","14.8682875072377","0.279864009659678","index"
"134","134","134","134","134","134","134","134","134",NA,NA,NA,NA,NA,NA,NA,NA,NA,"AI","walleye pollock","21740",NA,NA,NA,"total_catch_wt_kg ~ 0 + factor(year)","delta_gamma","TRUE","iid, iid","walleye_pollock","04_2","2010","2645810.38229925","1377594.36991574","5081548.4818733","14.7884879590708","0.332985013219768","index"
"135","135","135","135","135","135","135","135","135",NA,NA,NA,NA,NA,NA,NA,NA,NA,"AI","walleye pollock","21740",NA,NA,NA,"total_catch_wt_kg ~ 0 + factor(year)","delta_gamma","TRUE","iid, iid","walleye_pollock","04_2","2012","1999287.53051802","1144009.77542346","3493982.93227459","14.5083014403166","0.284827399321635","index"
"136","136","136","136","136","136","136","136","136",NA,NA,NA,NA,NA,NA,NA,NA,NA,"AI","walleye pollock","21740",NA,NA,NA,"total_catch_wt_kg ~ 0 + factor(year)","delta_gamma","TRUE","iid, iid","walleye_pollock","04_2","2014","4402084.72751911","2524980.54636017","7674653.1676022","15.2975887883888","0.283599533727722","index"
"137","137","137","137","137","137","137","137","137",NA,NA,NA,NA,NA,NA,NA,NA,NA,"AI","walleye pollock","21740",NA,NA,NA,"total_catch_wt_kg ~ 0 + factor(year)","delta_gamma","TRUE","iid, iid","walleye_pollock","04_2","2016","2455464.42108237","1412624.29728222","4268159.29387686","14.7138264748767","0.282080049955293","index"
"138","138","138","138","138","138","138","138","138",NA,NA,NA,NA,NA,NA,NA,NA,NA,"AI","walleye pollock","21740",NA,NA,NA,"total_catch_wt_kg ~ 0 + factor(year)","delta_gamma","TRUE","iid, iid","walleye_pollock","04_2","2018","5731077.82970211","3301693.76820304","9948001.05522178","15.5614141739166","0.281366402858653","index"
"139","139","139","139","139","139","139","139","139",NA,NA,NA,NA,NA,NA,NA,NA,NA,"AI","walleye pollock","21740",NA,NA,NA,"total_catch_wt_kg ~ 0 + factor(year)","delta_gamma","TRUE","iid, iid","walleye_pollock","04_2","2022","4934321.63343196","2728466.09806011","8923523.00051126","15.4117257611037","0.302289034577084","index"
"140","140","140","140","140","140","140","140","140",NA,NA,NA,NA,NA,NA,NA,NA,NA,"AI","walleye pollock","21740",NA,NA,NA,"total_catch_wt_kg ~ 0 + factor(year)","delta_gamma","TRUE","iid, iid","walleye_pollock","04_2","2024","4718158.39153088","2428519.61643948","9166497.34137651","15.3669291101393","0.338851477398355","index"
"141","141","141","141","141","141","141","141",NA,NA,NA,NA,NA,NA,NA,NA,NA,NA,"AI","walleye pollock","21740",NA,NA,NA,"total_catch_wt_kg ~ 0 + factor(year)","delta_gamma","TRUE","iid, iid","walleye_pollock","04_3","1991","9991240.75018786","5652632.28072781","17659894.8543954","16.1172193421307","0.290611185511467","index"
"142","142","142","142","142","142","142","142",NA,NA,NA,NA,NA,NA,NA,NA,NA,NA,"AI","walleye pollock","21740",NA,NA,NA,"total_catch_wt_kg ~ 0 + factor(year)","delta_gamma","TRUE","iid, iid","walleye_pollock","04_3","1994","5646860.89979262","3188244.04262589","10001442.0462444","15.5466103557666","0.291653057876882","index"
"143","143","143","143","143","143","143","143",NA,NA,NA,NA,NA,NA,NA,NA,NA,NA,"AI","walleye pollock","21740",NA,NA,NA,"total_catch_wt_kg ~ 0 + factor(year)","delta_gamma","TRUE","iid, iid","walleye_pollock","04_3","1997","2806783.93831161","1443283.1883412","5458413.2483511","14.8475498799239","0.339352568185967","index"
"144","144","144","144","144","144","144","144",NA,NA,NA,NA,NA,NA,NA,NA,NA,NA,"AI","walleye pollock","21740",NA,NA,NA,"total_catch_wt_kg ~ 0 + factor(year)","delta_gamma","TRUE","iid, iid","walleye_pollock","04_3","2000","5586246.25078418","3007055.01682628","10377644.2398903","15.5358181080788","0.315998842279769","index"
"145","145","145","145","145","145","145","145",NA,NA,NA,NA,NA,NA,NA,NA,NA,NA,"AI","walleye pollock","21740",NA,NA,NA,"total_catch_wt_kg ~ 0 + factor(year)","delta_gamma","TRUE","iid, iid","walleye_pollock","04_3","2002","7941794.98896395","4313059.46087882","14623519.1559083","15.8876498768126","0.311481139276878","index"
"146","146","146","146","146","146","146","146",NA,NA,NA,NA,NA,NA,NA,NA,NA,NA,"AI","walleye pollock","21740",NA,NA,NA,"total_catch_wt_kg ~ 0 + factor(year)","delta_gamma","TRUE","iid, iid","walleye_pollock","04_3","2004","4201705.71781296","2224054.23714996","7937904.86050621","15.2510011240967","0.324576781946827","index"
"147","147","147","147","147","147","147","147",NA,NA,NA,NA,NA,NA,NA,NA,NA,NA,"AI","walleye pollock","21740",NA,NA,NA,"total_catch_wt_kg ~ 0 + factor(year)","delta_gamma","TRUE","iid, iid","walleye_pollock","04_3","2006","1828395.89406146","952699.411007766","3509009.77453586","14.4189495797915","0.332605530241197","index"
"148","148","148","148","148","148","148","148",NA,NA,NA,NA,NA,NA,NA,NA,NA,NA,"AI","walleye pollock","21740",NA,NA,NA,"total_catch_wt_kg ~ 0 + factor(year)","delta_gamma","TRUE","iid, iid","walleye_pollock","04_3","2010","4407905.38950092","2158566.54400377","9001172.5497944","15.2989101662227","0.364269573080807","index"
"149","149","149","149","149","149","149","149",NA,NA,NA,NA,NA,NA,NA,NA,NA,NA,"AI","walleye pollock","21740",NA,NA,NA,"total_catch_wt_kg ~ 0 + factor(year)","delta_gamma","TRUE","iid, iid","walleye_pollock","04_3","2012","3015637.68477493","1618975.5558073","5617176.00566236","14.9193218698509","0.317361819165696","index"
"150","150","150","150","150","150","150","150",NA,NA,NA,NA,NA,NA,NA,NA,NA,NA,"AI","walleye pollock","21740",NA,NA,NA,"total_catch_wt_kg ~ 0 + factor(year)","delta_gamma","TRUE","iid, iid","walleye_pollock","04_3","2014","4661794.10593875","2577096.25942796","8432872.54275449","15.3549109332823","0.302422440274903","index"
"151","151","151","151","151","151","151","151",NA,NA,NA,NA,NA,NA,NA,NA,NA,NA,"AI","walleye pollock","21740",NA,NA,NA,"total_catch_wt_kg ~ 0 + factor(year)","delta_gamma","TRUE","iid, iid","walleye_pollock","04_3","2016","3903643.80327907","2122382.78667355","7179871.15168915","15.1774209834384","0.310909290570852","index"
"152","152","152","152","152","152","152","152",NA,NA,NA,NA,NA,NA,NA,NA,NA,NA,"AI","walleye pollock","21740",NA,NA,NA,"total_catch_wt_kg ~ 0 + factor(year)","delta_gamma","TRUE","iid, iid","walleye_pollock","04_3","2018","3543501.62700143","1934634.59692531","6490323.18584479","15.0806259563833","0.308779617044794","index"
"153","153","153","153","153","153","153","153",NA,NA,NA,NA,NA,NA,NA,NA,NA,NA,"AI","walleye pollock","21740",NA,NA,NA,"total_catch_wt_kg ~ 0 + factor(year)","delta_gamma","TRUE","iid, iid","walleye_pollock","04_3","2022","7406667.669664","3821870.72333967","14353893.6662171","15.8178911889258","0.33757794290255","index"
"154","154","154","154","154","154","154","154",NA,NA,NA,NA,NA,NA,NA,NA,NA,NA,"AI","walleye pollock","21740",NA,NA,NA,"total_catch_wt_kg ~ 0 + factor(year)","delta_gamma","TRUE","iid, iid","walleye_pollock","04_3","2024","5549048.45841119","2804874.88085163","10978007.9689139","15.5291370220886","0.348102075998954","index"
"155","155","155","155","155","155","155",NA,NA,NA,NA,NA,NA,NA,NA,NA,NA,NA,"AI","walleye pollock","21740",NA,NA,NA,"total_catch_wt_kg ~ 0 + factor(year)","delta_gamma","TRUE","iid, iid","walleye_pollock","06_1","1991","9751375.95589873","6402292.92644237","14852387.1253294","16.0929189566989","0.214673435886856","index"
"156","156","156","156","156","156","156",NA,NA,NA,NA,NA,NA,NA,NA,NA,NA,NA,"AI","walleye pollock","21740",NA,NA,NA,"total_catch_wt_kg ~ 0 + factor(year)","delta_gamma","TRUE","iid, iid","walleye_pollock","06_1","1994","10269255.2428725","6897955.7052702","15288240.1321729","16.1446650615413","0.203028940128035","index"
"157","157","157","157","157","157","157",NA,NA,NA,NA,NA,NA,NA,NA,NA,NA,NA,"AI","walleye pollock","21740",NA,NA,NA,"total_catch_wt_kg ~ 0 + factor(year)","delta_gamma","TRUE","iid, iid","walleye_pollock","06_1","1997","4472797.9572512","2643060.7696927","7569224.96667249","15.3135247119898","0.268411322923464","index"
"158","158","158","158","158","158","158",NA,NA,NA,NA,NA,NA,NA,NA,NA,NA,NA,"AI","walleye pollock","21740",NA,NA,NA,"total_catch_wt_kg ~ 0 + factor(year)","delta_gamma","TRUE","iid, iid","walleye_pollock","06_1","2000","5742738.67270415","3476900.08338146","9485186.99763667","15.56344677519","0.256022613178518","index"
"159","159","159","159","159","159","159",NA,NA,NA,NA,NA,NA,NA,NA,NA,NA,NA,"AI","walleye pollock","21740",NA,NA,NA,"total_catch_wt_kg ~ 0 + factor(year)","delta_gamma","TRUE","iid, iid","walleye_pollock","06_1","2002","5678233.39465967","3400320.92405492","9482144.5399862","15.552150720253","0.261622330684513","index"
"160","160","160","160","160","160","160",NA,NA,NA,NA,NA,NA,NA,NA,NA,NA,NA,"AI","walleye pollock","21740",NA,NA,NA,"total_catch_wt_kg ~ 0 + factor(year)","delta_gamma","TRUE","iid, iid","walleye_pollock","06_1","2004","2738068.10155853","1641666.16445062","4566712.21659808","14.8227631572599","0.26099506077311","index"
"161","161","161","161","161","161","161",NA,NA,NA,NA,NA,NA,NA,NA,NA,NA,NA,"AI","walleye pollock","21740",NA,NA,NA,"total_catch_wt_kg ~ 0 + factor(year)","delta_gamma","TRUE","iid, iid","walleye_pollock","06_1","2006","3375774.78273511","2019777.04459349","5642135.31105055","15.0321354211975","0.2620648827871","index"
"162","162","162","162","162","162","162",NA,NA,NA,NA,NA,NA,NA,NA,NA,NA,NA,"AI","walleye pollock","21740",NA,NA,NA,"total_catch_wt_kg ~ 0 + factor(year)","delta_gamma","TRUE","iid, iid","walleye_pollock","06_1","2010","7223790.73128232","3994785.33259355","13062817.6947574","15.7928904051215","0.302245351483253","index"
"163","163","163","163","163","163","163",NA,NA,NA,NA,NA,NA,NA,NA,NA,NA,NA,"AI","walleye pollock","21740",NA,NA,NA,"total_catch_wt_kg ~ 0 + factor(year)","delta_gamma","TRUE","iid, iid","walleye_pollock","06_1","2012","2305812.45597289","1394936.92202726","3811477.77950625","14.6509436477843","0.256425065316562","index"
"164","164","164","164","164","164","164",NA,NA,NA,NA,NA,NA,NA,NA,NA,NA,NA,"AI","walleye pollock","21740",NA,NA,NA,"total_catch_wt_kg ~ 0 + factor(year)","delta_gamma","TRUE","iid, iid","walleye_pollock","06_1","2014","3966953.07325047","2479738.35155575","6346119.81360792","15.1935088701476","0.239721374822854","index"
"165","165","165","165","165","165","165",NA,NA,NA,NA,NA,NA,NA,NA,NA,NA,NA,"AI","walleye pollock","21740",NA,NA,NA,"total_catch_wt_kg ~ 0 + factor(year)","delta_gamma","TRUE","iid, iid","walleye_pollock","06_1","2016","4201201.11299705","2512276.50586013","7025536.69975304","15.2508810216543","0.262342140574362","index"
"166","166","166","166","166","166","166",NA,NA,NA,NA,NA,NA,NA,NA,NA,NA,NA,"AI","walleye pollock","21740",NA,NA,NA,"total_catch_wt_kg ~ 0 + factor(year)","delta_gamma","TRUE","iid, iid","walleye_pollock","06_1","2018","4320081.0998534","2549248.76826784","7321019.80066534","15.2787847331583","0.269125077943742","index"
"167","167","167","167","167","167","167",NA,NA,NA,NA,NA,NA,NA,NA,NA,NA,NA,"AI","walleye pollock","21740",NA,NA,NA,"total_catch_wt_kg ~ 0 + factor(year)","delta_gamma","TRUE","iid, iid","walleye_pollock","06_1","2022","4934061.9488599","2881843.46457155","8447706.34299756","15.4116731314973","0.274358302771376","index"
"168","168","168","168","168","168","168",NA,NA,NA,NA,NA,NA,NA,NA,NA,NA,NA,"AI","walleye pollock","21740",NA,NA,NA,"total_catch_wt_kg ~ 0 + factor(year)","delta_gamma","TRUE","iid, iid","walleye_pollock","06_1","2024","4264372.75337408","2403625.7859071","7565601.55342837","15.2658056597158","0.292513926183209","index"
"169","169","169","169","169","169",NA,NA,NA,NA,NA,NA,NA,NA,NA,NA,NA,NA,"AI","walleye pollock","21740",NA,NA,NA,"total_catch_wt_kg ~ 0 + factor(year)","delta_gamma","TRUE","iid, iid","walleye_pollock","06_2","1991","8418373.4207458","5416489.45565274","13083937.7850462","15.9459271871228","0.224988177815429","index"
"170","170","170","170","170","170",NA,NA,NA,NA,NA,NA,NA,NA,NA,NA,NA,NA,"AI","walleye pollock","21740",NA,NA,NA,"total_catch_wt_kg ~ 0 + factor(year)","delta_gamma","TRUE","iid, iid","walleye_pollock","06_2","1994","5821164.5854606","3734967.46930708","9072624.43635345","15.5770109002848","0.22641295297474","index"
"171","171","171","171","171","171",NA,NA,NA,NA,NA,NA,NA,NA,NA,NA,NA,NA,"AI","walleye pollock","21740",NA,NA,NA,"total_catch_wt_kg ~ 0 + factor(year)","delta_gamma","TRUE","iid, iid","walleye_pollock","06_2","1997","5059586.96551507","2885832.51529076","8870722.79003367","15.4367954105634","0.28647027795921","index"
"172","172","172","172","172","172",NA,NA,NA,NA,NA,NA,NA,NA,NA,NA,NA,NA,"AI","walleye pollock","21740",NA,NA,NA,"total_catch_wt_kg ~ 0 + factor(year)","delta_gamma","TRUE","iid, iid","walleye_pollock","06_2","2000","4219988.5275009","2426173.37006974","7340078.57473407","15.2553429674068","0.282411892512973","index"
"173","173","173","173","173","173",NA,NA,NA,NA,NA,NA,NA,NA,NA,NA,NA,NA,"AI","walleye pollock","21740",NA,NA,NA,"total_catch_wt_kg ~ 0 + factor(year)","delta_gamma","TRUE","iid, iid","walleye_pollock","06_2","2002","4912928.41024649","2924677.22557914","8252830.55275531","15.4073807395499","0.26464060631294","index"
"174","174","174","174","174","174",NA,NA,NA,NA,NA,NA,NA,NA,NA,NA,NA,NA,"AI","walleye pollock","21740",NA,NA,NA,"total_catch_wt_kg ~ 0 + factor(year)","delta_gamma","TRUE","iid, iid","walleye_pollock","06_2","2004","4268107.5439684","2489232.30948388","7318216.92072488","15.2666810888296","0.27510514561655","index"
"175","175","175","175","175","175",NA,NA,NA,NA,NA,NA,NA,NA,NA,NA,NA,NA,"AI","walleye pollock","21740",NA,NA,NA,"total_catch_wt_kg ~ 0 + factor(year)","delta_gamma","TRUE","iid, iid","walleye_pollock","06_2","2006","3141406.23048164","1772130.04905884","5568684.48235496","14.9601811017346","0.2920912362061","index"
"176","176","176","176","176","176",NA,NA,NA,NA,NA,NA,NA,NA,NA,NA,NA,NA,"AI","walleye pollock","21740",NA,NA,NA,"total_catch_wt_kg ~ 0 + factor(year)","delta_gamma","TRUE","iid, iid","walleye_pollock","06_2","2010","7959989.18790206","4406913.44177229","14377733.6924585","15.8899381995159","0.301665286518368","index"
"177","177","177","177","177","177",NA,NA,NA,NA,NA,NA,NA,NA,NA,NA,NA,NA,"AI","walleye pollock","21740",NA,NA,NA,"total_catch_wt_kg ~ 0 + factor(year)","delta_gamma","TRUE","iid, iid","walleye_pollock","06_2","2012","2768780.62473345","1610615.51223491","4759761.7740945","14.8339175735662","0.276428856960332","index"
"178","178","178","178","178","178",NA,NA,NA,NA,NA,NA,NA,NA,NA,NA,NA,NA,"AI","walleye pollock","21740",NA,NA,NA,"total_catch_wt_kg ~ 0 + factor(year)","delta_gamma","TRUE","iid, iid","walleye_pollock","06_2","2014","3795882.07359524","2319467.41288294","6212081.54795011","15.149427372264","0.251320545822841","index"
"179","179","179","179","179","179",NA,NA,NA,NA,NA,NA,NA,NA,NA,NA,NA,NA,"AI","walleye pollock","21740",NA,NA,NA,"total_catch_wt_kg ~ 0 + factor(year)","delta_gamma","TRUE","iid, iid","walleye_pollock","06_2","2016","3655808.0997497","2160419.58788127","6186267.21270498","15.111827721051","0.268379781851035","index"
"180","180","180","180","180","180",NA,NA,NA,NA,NA,NA,NA,NA,NA,NA,NA,NA,"AI","walleye pollock","21740",NA,NA,NA,"total_catch_wt_kg ~ 0 + factor(year)","delta_gamma","TRUE","iid, iid","walleye_pollock","06_2","2018","3535766.18320596","2123962.84763013","5885998.67283551","15.0784405758944","0.260028454820087","index"
"181","181","181","181","181","181",NA,NA,NA,NA,NA,NA,NA,NA,NA,NA,NA,NA,"AI","walleye pollock","21740",NA,NA,NA,"total_catch_wt_kg ~ 0 + factor(year)","delta_gamma","TRUE","iid, iid","walleye_pollock","06_2","2022","5429529.11518786","3156680.92006952","9338855.32276839","15.5073629690315","0.276704715745743","index"
"182","182","182","182","182","182",NA,NA,NA,NA,NA,NA,NA,NA,NA,NA,NA,NA,"AI","walleye pollock","21740",NA,NA,NA,"total_catch_wt_kg ~ 0 + factor(year)","delta_gamma","TRUE","iid, iid","walleye_pollock","06_2","2024","3674986.9878063","2026177.94704008","6665519.86723327","15.1170601498898","0.303780254609077","index"
"183","183","183","183","183",NA,NA,NA,NA,NA,NA,NA,NA,NA,NA,NA,NA,NA,"AI","walleye pollock","21740",NA,NA,NA,"total_catch_wt_kg ~ 0 + factor(year)","delta_gamma","TRUE","iid, iid","walleye_pollock","06_3","1991","7885437.38052245","5197798.4980964","11962780.5319719","15.8805282467867","0.212648049616114","index"
"184","184","184","184","184",NA,NA,NA,NA,NA,NA,NA,NA,NA,NA,NA,NA,NA,"AI","walleye pollock","21740",NA,NA,NA,"total_catch_wt_kg ~ 0 + factor(year)","delta_gamma","TRUE","iid, iid","walleye_pollock","06_3","1994","6629032.55720974","4381937.5255649","10028457.1352673","15.7069694325419","0.21121198850129","index"
"185","185","185","185","185",NA,NA,NA,NA,NA,NA,NA,NA,NA,NA,NA,NA,NA,"AI","walleye pollock","21740",NA,NA,NA,"total_catch_wt_kg ~ 0 + factor(year)","delta_gamma","TRUE","iid, iid","walleye_pollock","06_3","1997","4224883.86313952","2542630.51246179","7020148.45237368","15.2565023303813","0.259082613999177","index"
"186","186","186","186","186",NA,NA,NA,NA,NA,NA,NA,NA,NA,NA,NA,NA,NA,"AI","walleye pollock","21740",NA,NA,NA,"total_catch_wt_kg ~ 0 + factor(year)","delta_gamma","TRUE","iid, iid","walleye_pollock","06_3","2000","4705430.91462805","2953294.8330369","7497077.44877253","15.3642279133388","0.237655344385138","index"
"187","187","187","187","187",NA,NA,NA,NA,NA,NA,NA,NA,NA,NA,NA,NA,NA,"AI","walleye pollock","21740",NA,NA,NA,"total_catch_wt_kg ~ 0 + factor(year)","delta_gamma","TRUE","iid, iid","walleye_pollock","06_3","2002","6523221.68376319","4075861.89441405","10440103.7713854","15.6908789351407","0.239946319792664","index"
"188","188","188","188","188",NA,NA,NA,NA,NA,NA,NA,NA,NA,NA,NA,NA,NA,"AI","walleye pollock","21740",NA,NA,NA,"total_catch_wt_kg ~ 0 + factor(year)","delta_gamma","TRUE","iid, iid","walleye_pollock","06_3","2004","4393222.89452863","2649277.96726329","7285157.55594641","15.2955736602386","0.25805370332045","index"
"189","189","189","189","189",NA,NA,NA,NA,NA,NA,NA,NA,NA,NA,NA,NA,NA,"AI","walleye pollock","21740",NA,NA,NA,"total_catch_wt_kg ~ 0 + factor(year)","delta_gamma","TRUE","iid, iid","walleye_pollock","06_3","2006","2687460.94226321","1624994.69498507","4444596.85836488","14.8041074182011","0.256684466170469","index"
"190","190","190","190","190",NA,NA,NA,NA,NA,NA,NA,NA,NA,NA,NA,NA,NA,"AI","walleye pollock","21740",NA,NA,NA,"total_catch_wt_kg ~ 0 + factor(year)","delta_gamma","TRUE","iid, iid","walleye_pollock","06_3","2010","5660456.63650918","3294719.5967694","9724885.04491185","15.5490151247536","0.276119105422105","index"
"191","191","191","191","191",NA,NA,NA,NA,NA,NA,NA,NA,NA,NA,NA,NA,NA,"AI","walleye pollock","21740",NA,NA,NA,"total_catch_wt_kg ~ 0 + factor(year)","delta_gamma","TRUE","iid, iid","walleye_pollock","06_3","2012","2131572.02839934","1319830.41171832","3442562.97772307","14.5723703069689","0.244574135245449","index"
"192","192","192","192","192",NA,NA,NA,NA,NA,NA,NA,NA,NA,NA,NA,NA,NA,"AI","walleye pollock","21740",NA,NA,NA,"total_catch_wt_kg ~ 0 + factor(year)","delta_gamma","TRUE","iid, iid","walleye_pollock","06_3","2014","3507877.90078046","2224946.07072386","5530564.32634368","15.0705218259336","0.2322892635339","index"
"193","193","193","193","193",NA,NA,NA,NA,NA,NA,NA,NA,NA,NA,NA,NA,NA,"AI","walleye pollock","21740",NA,NA,NA,"total_catch_wt_kg ~ 0 + factor(year)","delta_gamma","TRUE","iid, iid","walleye_pollock","06_3","2016","3525877.62487553","2238360.17653517","5553982.40011647","15.0756399348361","0.23183377180681","index"
"194","194","194","194","194",NA,NA,NA,NA,NA,NA,NA,NA,NA,NA,NA,NA,NA,"AI","walleye pollock","21740",NA,NA,NA,"total_catch_wt_kg ~ 0 + factor(year)","delta_gamma","TRUE","iid, iid","walleye_pollock","06_3","2018","5074990.79927621","3192399.17600096","8067766.65222722","15.43983526994","0.236510460766209","index"
"195","195","195","195","195",NA,NA,NA,NA,NA,NA,NA,NA,NA,NA,NA,NA,NA,"AI","walleye pollock","21740",NA,NA,NA,"total_catch_wt_kg ~ 0 + factor(year)","delta_gamma","TRUE","iid, iid","walleye_pollock","06_3","2022","4462349.24020628","2686270.37937761","7412716.4913992","15.3111859207921","0.258944353739357","index"
"196","196","196","196","196",NA,NA,NA,NA,NA,NA,NA,NA,NA,NA,NA,NA,NA,"AI","walleye pollock","21740",NA,NA,NA,"total_catch_wt_kg ~ 0 + factor(year)","delta_gamma","TRUE","iid, iid","walleye_pollock","06_3","2024","3710320.93907478","2131404.40368252","6458878.21529871","15.1266289373313","0.282830336086993","index"
"197","197","197","197",NA,NA,NA,NA,NA,NA,NA,NA,NA,NA,NA,NA,NA,NA,"AI","walleye pollock","21740",NA,NA,NA,"total_catch_wt_kg ~ 0 + factor(year)","delta_gamma","TRUE","iid, iid","walleye_pollock","08_1","1991","7639527.17858172","5204602.39847685","11213608.8492309","15.8488462716074","0.195816048612239","index"
"198","198","198","198",NA,NA,NA,NA,NA,NA,NA,NA,NA,NA,NA,NA,NA,NA,"AI","walleye pollock","21740",NA,NA,NA,"total_catch_wt_kg ~ 0 + factor(year)","delta_gamma","TRUE","iid, iid","walleye_pollock","08_1","1994","7058040.52655253","4842671.3179674","10286871.1922756","15.7696780251324","0.192197905913446","index"
"199","199","199","199",NA,NA,NA,NA,NA,NA,NA,NA,NA,NA,NA,NA,NA,NA,"AI","walleye pollock","21740",NA,NA,NA,"total_catch_wt_kg ~ 0 + factor(year)","delta_gamma","TRUE","iid, iid","walleye_pollock","08_1","1997","5480398.16583756","3371354.50153128","8908812.18289974","15.5166883142843","0.247893924226324","index"
"200","200","200","200",NA,NA,NA,NA,NA,NA,NA,NA,NA,NA,NA,NA,NA,NA,"AI","walleye pollock","21740",NA,NA,NA,"total_catch_wt_kg ~ 0 + factor(year)","delta_gamma","TRUE","iid, iid","walleye_pollock","08_1","2000","5186973.92682855","3275570.13509699","8213745.21318333","15.4616610266829","0.234523966438154","index"
"201","201","201","201",NA,NA,NA,NA,NA,NA,NA,NA,NA,NA,NA,NA,NA,NA,"AI","walleye pollock","21740",NA,NA,NA,"total_catch_wt_kg ~ 0 + factor(year)","delta_gamma","TRUE","iid, iid","walleye_pollock","08_1","2002","5386441.62046407","3364278.28073181","8624064.63128741","15.4993955431372","0.240142944987643","index"
"202","202","202","202",NA,NA,NA,NA,NA,NA,NA,NA,NA,NA,NA,NA,NA,NA,"AI","walleye pollock","21740",NA,NA,NA,"total_catch_wt_kg ~ 0 + factor(year)","delta_gamma","TRUE","iid, iid","walleye_pollock","08_1","2004","4441654.66248656","2772143.4128641","7116621.76251045","15.3065375367148","0.240517767794219","index"
"203","203","203","203",NA,NA,NA,NA,NA,NA,NA,NA,NA,NA,NA,NA,NA,NA,"AI","walleye pollock","21740",NA,NA,NA,"total_catch_wt_kg ~ 0 + factor(year)","delta_gamma","TRUE","iid, iid","walleye_pollock","08_1","2006","2885536.32791187","1762566.64610639","4723974.50507327","14.8752213428691","0.251504476822044","index"
"204","204","204","204",NA,NA,NA,NA,NA,NA,NA,NA,NA,NA,NA,NA,NA,NA,"AI","walleye pollock","21740",NA,NA,NA,"total_catch_wt_kg ~ 0 + factor(year)","delta_gamma","TRUE","iid, iid","walleye_pollock","08_1","2010","4852536.36193978","2867991.35331156","8210313.85494199","15.3950120874418","0.268315961812175","index"
"205","205","205","205",NA,NA,NA,NA,NA,NA,NA,NA,NA,NA,NA,NA,NA,NA,"AI","walleye pollock","21740",NA,NA,NA,"total_catch_wt_kg ~ 0 + factor(year)","delta_gamma","TRUE","iid, iid","walleye_pollock","08_1","2012","2703293.94384141","1714677.04154907","4261909.36819661","14.8099815666052","0.232272767924696","index"
"206","206","206","206",NA,NA,NA,NA,NA,NA,NA,NA,NA,NA,NA,NA,NA,NA,"AI","walleye pollock","21740",NA,NA,NA,"total_catch_wt_kg ~ 0 + factor(year)","delta_gamma","TRUE","iid, iid","walleye_pollock","08_1","2014","3641866.37475774","2337040.60843461","5675207.62956489","15.1080068485246","0.226336229820801","index"
"207","207","207","207",NA,NA,NA,NA,NA,NA,NA,NA,NA,NA,NA,NA,NA,NA,"AI","walleye pollock","21740",NA,NA,NA,"total_catch_wt_kg ~ 0 + factor(year)","delta_gamma","TRUE","iid, iid","walleye_pollock","08_1","2016","3800085.96108347","2371719.8371411","6088684.28955362","15.1505342457785","0.240518871712313","index"
"208","208","208","208",NA,NA,NA,NA,NA,NA,NA,NA,NA,NA,NA,NA,NA,NA,"AI","walleye pollock","21740",NA,NA,NA,"total_catch_wt_kg ~ 0 + factor(year)","delta_gamma","TRUE","iid, iid","walleye_pollock","08_1","2018","4709037.933937","2913420.74309044","7611340.83219827","15.364994184818","0.244981911271215","index"
"209","209","209","209",NA,NA,NA,NA,NA,NA,NA,NA,NA,NA,NA,NA,NA,NA,"AI","walleye pollock","21740",NA,NA,NA,"total_catch_wt_kg ~ 0 + factor(year)","delta_gamma","TRUE","iid, iid","walleye_pollock","08_1","2022","4737499.65421641","2846625.34514587","7884389.49718915","15.3710200553842","0.259890129700093","index"
"210","210","210","210",NA,NA,NA,NA,NA,NA,NA,NA,NA,NA,NA,NA,NA,NA,"AI","walleye pollock","21740",NA,NA,NA,"total_catch_wt_kg ~ 0 + factor(year)","delta_gamma","TRUE","iid, iid","walleye_pollock","08_1","2024","5007721.94263653","2940714.62872632","8527613.93771311","15.4264916675842","0.271601157475267","index"
"211","211","211",NA,NA,NA,NA,NA,NA,NA,NA,NA,NA,NA,NA,NA,NA,NA,"AI","walleye pollock","21740",NA,NA,NA,"total_catch_wt_kg ~ 0 + factor(year)","delta_gamma","TRUE","iid, iid","walleye_pollock","08_2","1991","10550088.0688903","7244674.44735357","15363610.7557601","16.1716447656136","0.191772691056527","index"
"212","212","212",NA,NA,NA,NA,NA,NA,NA,NA,NA,NA,NA,NA,NA,NA,NA,"AI","walleye pollock","21740",NA,NA,NA,"total_catch_wt_kg ~ 0 + factor(year)","delta_gamma","TRUE","iid, iid","walleye_pollock","08_2","1994","6801676.38784201","4748893.70611564","9741806.10219809","15.7326796673872","0.183297971448541","index"
"213","213","213",NA,NA,NA,NA,NA,NA,NA,NA,NA,NA,NA,NA,NA,NA,NA,"AI","walleye pollock","21740",NA,NA,NA,"total_catch_wt_kg ~ 0 + factor(year)","delta_gamma","TRUE","iid, iid","walleye_pollock","08_2","1997","4208861.70974118","2560066.72293716","6919552.81204609","15.2527027913662","0.253657166929767","index"
"214","214","214",NA,NA,NA,NA,NA,NA,NA,NA,NA,NA,NA,NA,NA,NA,NA,"AI","walleye pollock","21740",NA,NA,NA,"total_catch_wt_kg ~ 0 + factor(year)","delta_gamma","TRUE","iid, iid","walleye_pollock","08_2","2000","6142427.32029912","3867353.25050526","9755874.61016851","15.6307305510403","0.236050069418667","index"
"215","215","215",NA,NA,NA,NA,NA,NA,NA,NA,NA,NA,NA,NA,NA,NA,NA,"AI","walleye pollock","21740",NA,NA,NA,"total_catch_wt_kg ~ 0 + factor(year)","delta_gamma","TRUE","iid, iid","walleye_pollock","08_2","2002","5634448.03842747","3561097.36707605","8914949.92281158","15.5444097482941","0.23410146686646","index"
"216","216","216",NA,NA,NA,NA,NA,NA,NA,NA,NA,NA,NA,NA,NA,NA,NA,"AI","walleye pollock","21740",NA,NA,NA,"total_catch_wt_kg ~ 0 + factor(year)","delta_gamma","TRUE","iid, iid","walleye_pollock","08_2","2004","4875638.11572671","2980667.04841828","7975344.66257875","15.3997615493817","0.251078018820492","index"
"217","217","217",NA,NA,NA,NA,NA,NA,NA,NA,NA,NA,NA,NA,NA,NA,NA,"AI","walleye pollock","21740",NA,NA,NA,"total_catch_wt_kg ~ 0 + factor(year)","delta_gamma","TRUE","iid, iid","walleye_pollock","08_2","2006","2611989.59779708","1588912.7924536","4293810.01361621","14.7756227869039","0.253607836083883","index"
"218","218","218",NA,NA,NA,NA,NA,NA,NA,NA,NA,NA,NA,NA,NA,NA,NA,"AI","walleye pollock","21740",NA,NA,NA,"total_catch_wt_kg ~ 0 + factor(year)","delta_gamma","TRUE","iid, iid","walleye_pollock","08_2","2010","6759029.01373591","3967910.94284009","11513482.5016572","15.726389800681","0.271759839256286","index"
"219","219","219",NA,NA,NA,NA,NA,NA,NA,NA,NA,NA,NA,NA,NA,NA,NA,"AI","walleye pollock","21740",NA,NA,NA,"total_catch_wt_kg ~ 0 + factor(year)","delta_gamma","TRUE","iid, iid","walleye_pollock","08_2","2012","3063736.86456811","1922619.36342258","4882133.07006549","14.9351459264446","0.237732358389911","index"
"220","220","220",NA,NA,NA,NA,NA,NA,NA,NA,NA,NA,NA,NA,NA,NA,NA,"AI","walleye pollock","21740",NA,NA,NA,"total_catch_wt_kg ~ 0 + factor(year)","delta_gamma","TRUE","iid, iid","walleye_pollock","08_2","2014","4753613.81521226","3073373.84949835","7352455.44822517","15.3744156899494","0.222518986816984","index"
"221","221","221",NA,NA,NA,NA,NA,NA,NA,NA,NA,NA,NA,NA,NA,NA,NA,"AI","walleye pollock","21740",NA,NA,NA,"total_catch_wt_kg ~ 0 + factor(year)","delta_gamma","TRUE","iid, iid","walleye_pollock","08_2","2016","4070242.52686363","2504826.24354519","6613981.41694707","15.2192131445534","0.24770007109403","index"
"222","222","222",NA,NA,NA,NA,NA,NA,NA,NA,NA,NA,NA,NA,NA,NA,NA,"AI","walleye pollock","21740",NA,NA,NA,"total_catch_wt_kg ~ 0 + factor(year)","delta_gamma","TRUE","iid, iid","walleye_pollock","08_2","2018","4245040.40702289","2614509.80060081","6892446.16834711","15.2612618964156","0.247287561954661","index"
"223","223","223",NA,NA,NA,NA,NA,NA,NA,NA,NA,NA,NA,NA,NA,NA,NA,"AI","walleye pollock","21740",NA,NA,NA,"total_catch_wt_kg ~ 0 + factor(year)","delta_gamma","TRUE","iid, iid","walleye_pollock","08_2","2022","5382714.67689784","3266773.15135999","8869185.56950592","15.4987033916608","0.254795569614272","index"
"224","224","224",NA,NA,NA,NA,NA,NA,NA,NA,NA,NA,NA,NA,NA,NA,NA,"AI","walleye pollock","21740",NA,NA,NA,"total_catch_wt_kg ~ 0 + factor(year)","delta_gamma","TRUE","iid, iid","walleye_pollock","08_2","2024","3449925.37464612","2012578.84641048","5913798.16589787","15.0538631582362","0.274972242673478","index"
"225","225",NA,NA,NA,NA,NA,NA,NA,NA,NA,NA,NA,NA,NA,NA,NA,NA,"AI","walleye pollock","21740",NA,NA,NA,"total_catch_wt_kg ~ 0 + factor(year)","delta_gamma","TRUE","iid, iid","walleye_pollock","08_3","1991","8523071.24168218","5931400.53563787","12247148.5367288","15.9582873082261","0.184960739064989","index"
"226","226",NA,NA,NA,NA,NA,NA,NA,NA,NA,NA,NA,NA,NA,NA,NA,NA,"AI","walleye pollock","21740",NA,NA,NA,"total_catch_wt_kg ~ 0 + factor(year)","delta_gamma","TRUE","iid, iid","walleye_pollock","08_3","1994","7000756.11436138","4847571.17026145","10110338.6523617","15.7615287175236","0.187524042575708","index"
"227","227",NA,NA,NA,NA,NA,NA,NA,NA,NA,NA,NA,NA,NA,NA,NA,NA,"AI","walleye pollock","21740",NA,NA,NA,"total_catch_wt_kg ~ 0 + factor(year)","delta_gamma","TRUE","iid, iid","walleye_pollock","08_3","1997","4454912.06846526","2815271.96854712","7049493.53365651","15.309517880974","0.234161676263617","index"
"228","228",NA,NA,NA,NA,NA,NA,NA,NA,NA,NA,NA,NA,NA,NA,NA,NA,"AI","walleye pollock","21740",NA,NA,NA,"total_catch_wt_kg ~ 0 + factor(year)","delta_gamma","TRUE","iid, iid","walleye_pollock","08_3","2000","5562202.57025325","3590587.8537164","8616443.51648707","15.5315047335108","0.223309327288922","index"
"229","229",NA,NA,NA,NA,NA,NA,NA,NA,NA,NA,NA,NA,NA,NA,NA,NA,"AI","walleye pollock","21740",NA,NA,NA,"total_catch_wt_kg ~ 0 + factor(year)","delta_gamma","TRUE","iid, iid","walleye_pollock","08_3","2002","8794071.84364882","5689274.37307409","13593244.8533802","15.9895883983107","0.222195474241399","index"
"230","230",NA,NA,NA,NA,NA,NA,NA,NA,NA,NA,NA,NA,NA,NA,NA,NA,"AI","walleye pollock","21740",NA,NA,NA,"total_catch_wt_kg ~ 0 + factor(year)","delta_gamma","TRUE","iid, iid","walleye_pollock","08_3","2004","2870999.68562133","1809816.43206229","4554406.20872542","14.8701708496017","0.235430280297402","index"
"231","231",NA,NA,NA,NA,NA,NA,NA,NA,NA,NA,NA,NA,NA,NA,NA,NA,"AI","walleye pollock","21740",NA,NA,NA,"total_catch_wt_kg ~ 0 + factor(year)","delta_gamma","TRUE","iid, iid","walleye_pollock","08_3","2006","2466791.41513694","1538937.09560329","3954066.67574538","14.7184288419316","0.240732129375746","index"
"232","232",NA,NA,NA,NA,NA,NA,NA,NA,NA,NA,NA,NA,NA,NA,NA,NA,"AI","walleye pollock","21740",NA,NA,NA,"total_catch_wt_kg ~ 0 + factor(year)","delta_gamma","TRUE","iid, iid","walleye_pollock","08_3","2010","5973029.77270491","3669589.6733567","9722363.49057093","15.60276485625","0.248562959287814","index"
"233","233",NA,NA,NA,NA,NA,NA,NA,NA,NA,NA,NA,NA,NA,NA,NA,NA,"AI","walleye pollock","21740",NA,NA,NA,"total_catch_wt_kg ~ 0 + factor(year)","delta_gamma","TRUE","iid, iid","walleye_pollock","08_3","2012","2196354.41762289","1405937.89509686","3431142.11846408","14.6023094609494","0.227603305688416","index"
"234","234",NA,NA,NA,NA,NA,NA,NA,NA,NA,NA,NA,NA,NA,NA,NA,NA,"AI","walleye pollock","21740",NA,NA,NA,"total_catch_wt_kg ~ 0 + factor(year)","delta_gamma","TRUE","iid, iid","walleye_pollock","08_3","2014","3737228.85324862","2452645.45285006","5694618.22756484","15.1338549464236","0.214890259765435","index"
"235","235",NA,NA,NA,NA,NA,NA,NA,NA,NA,NA,NA,NA,NA,NA,NA,NA,"AI","walleye pollock","21740",NA,NA,NA,"total_catch_wt_kg ~ 0 + factor(year)","delta_gamma","TRUE","iid, iid","walleye_pollock","08_3","2016","3238317.18599965","2097833.68280149","4998822.49156022","14.9905643658032","0.221508445357595","index"
"236","236",NA,NA,NA,NA,NA,NA,NA,NA,NA,NA,NA,NA,NA,NA,NA,NA,"AI","walleye pollock","21740",NA,NA,NA,"total_catch_wt_kg ~ 0 + factor(year)","delta_gamma","TRUE","iid, iid","walleye_pollock","08_3","2018","4636074.38465435","3027260.79065197","7099879.12716939","15.3493785283205","0.217457969924808","index"
"237","237",NA,NA,NA,NA,NA,NA,NA,NA,NA,NA,NA,NA,NA,NA,NA,NA,"AI","walleye pollock","21740",NA,NA,NA,"total_catch_wt_kg ~ 0 + factor(year)","delta_gamma","TRUE","iid, iid","walleye_pollock","08_3","2022","5003777.05430921","3146330.98294074","7957772.0668884","15.425703596081","0.236716610676475","index"
"238","238",NA,NA,NA,NA,NA,NA,NA,NA,NA,NA,NA,NA,NA,NA,NA,NA,"AI","walleye pollock","21740",NA,NA,NA,"total_catch_wt_kg ~ 0 + factor(year)","delta_gamma","TRUE","iid, iid","walleye_pollock","08_3","2024","2856774.61317915","1716846.38802301","4753576.81819318","14.8652037887692","0.259802793439849","index"
"239",NA,NA,NA,NA,NA,NA,NA,NA,NA,NA,NA,NA,NA,NA,NA,NA,NA,"AI","walleye pollock","21740",NA,NA,NA,"total_catch_wt_kg ~ 0 + factor(year)","delta_gamma","TRUE","iid, iid","walleye_pollock","1_1","1991","10203039.0223652","7104990.30636571","14651955.9919228","16.1381961772473","0.184640240805062","index"
"240",NA,NA,NA,NA,NA,NA,NA,NA,NA,NA,NA,NA,NA,NA,NA,NA,NA,"AI","walleye pollock","21740",NA,NA,NA,"total_catch_wt_kg ~ 0 + factor(year)","delta_gamma","TRUE","iid, iid","walleye_pollock","1_1","1994","8269981.94233257","5803864.74771529","11783975.7298669","15.9281428834827","0.180670816836103","index"
"241",NA,NA,NA,NA,NA,NA,NA,NA,NA,NA,NA,NA,NA,NA,NA,NA,NA,"AI","walleye pollock","21740",NA,NA,NA,"total_catch_wt_kg ~ 0 + factor(year)","delta_gamma","TRUE","iid, iid","walleye_pollock","1_1","1997","3709070.55054354","2379047.83552524","5782651.42191731","15.1262918777369","0.226576092595651","index"
"242",NA,NA,NA,NA,NA,NA,NA,NA,NA,NA,NA,NA,NA,NA,NA,NA,NA,"AI","walleye pollock","21740",NA,NA,NA,"total_catch_wt_kg ~ 0 + factor(year)","delta_gamma","TRUE","iid, iid","walleye_pollock","1_1","2000","6745449.66785657","4399291.01406177","10342823.6677565","15.7243787122449","0.218077864123547","index"
"243",NA,NA,NA,NA,NA,NA,NA,NA,NA,NA,NA,NA,NA,NA,NA,NA,NA,"AI","walleye pollock","21740",NA,NA,NA,"total_catch_wt_kg ~ 0 + factor(year)","delta_gamma","TRUE","iid, iid","walleye_pollock","1_1","2002","8867019.3540551","5869066.29077422","13396344.2104546","15.9978492610659","0.210536086261093","index"
"244",NA,NA,NA,NA,NA,NA,NA,NA,NA,NA,NA,NA,NA,NA,NA,NA,NA,"AI","walleye pollock","21740",NA,NA,NA,"total_catch_wt_kg ~ 0 + factor(year)","delta_gamma","TRUE","iid, iid","walleye_pollock","1_1","2004","4396426.22100522","2858225.90711346","6762433.81205031","15.2963025463583","0.219693255401618","index"
"245",NA,NA,NA,NA,NA,NA,NA,NA,NA,NA,NA,NA,NA,NA,NA,NA,NA,"AI","walleye pollock","21740",NA,NA,NA,"total_catch_wt_kg ~ 0 + factor(year)","delta_gamma","TRUE","iid, iid","walleye_pollock","1_1","2006","3068341.83928126","1930930.51711821","4875743.35752628","14.9366478561494","0.236297851332224","index"
"246",NA,NA,NA,NA,NA,NA,NA,NA,NA,NA,NA,NA,NA,NA,NA,NA,NA,"AI","walleye pollock","21740",NA,NA,NA,"total_catch_wt_kg ~ 0 + factor(year)","delta_gamma","TRUE","iid, iid","walleye_pollock","1_1","2010","4764222.1372727","2975178.86587013","7629058.14963197","15.3766448366811","0.240223862407071","index"
"247",NA,NA,NA,NA,NA,NA,NA,NA,NA,NA,NA,NA,NA,NA,NA,NA,NA,"AI","walleye pollock","21740",NA,NA,NA,"total_catch_wt_kg ~ 0 + factor(year)","delta_gamma","TRUE","iid, iid","walleye_pollock","1_1","2012","2660390.34084576","1733659.96066877","4082505.75443595","14.7939834146708","0.218492840720615","index"
"248",NA,NA,NA,NA,NA,NA,NA,NA,NA,NA,NA,NA,NA,NA,NA,NA,NA,"AI","walleye pollock","21740",NA,NA,NA,"total_catch_wt_kg ~ 0 + factor(year)","delta_gamma","TRUE","iid, iid","walleye_pollock","1_1","2014","4896101.31323459","3292726.7923892","7280229.90697738","15.4039497960228","0.202413517498001","index"
"249",NA,NA,NA,NA,NA,NA,NA,NA,NA,NA,NA,NA,NA,NA,NA,NA,NA,"AI","walleye pollock","21740",NA,NA,NA,"total_catch_wt_kg ~ 0 + factor(year)","delta_gamma","TRUE","iid, iid","walleye_pollock","1_1","2016","3742090.34126332","2433367.50420831","5754675.40269145","15.1351549280323","0.219579681693012","index"
"250",NA,NA,NA,NA,NA,NA,NA,NA,NA,NA,NA,NA,NA,NA,NA,NA,NA,"AI","walleye pollock","21740",NA,NA,NA,"total_catch_wt_kg ~ 0 + factor(year)","delta_gamma","TRUE","iid, iid","walleye_pollock","1_1","2018","4620775.02879884","2971733.38131503","7184884.75481019","15.3460730041399","0.225216910624998","index"
"251",NA,NA,NA,NA,NA,NA,NA,NA,NA,NA,NA,NA,NA,NA,NA,NA,NA,"AI","walleye pollock","21740",NA,NA,NA,"total_catch_wt_kg ~ 0 + factor(year)","delta_gamma","TRUE","iid, iid","walleye_pollock","1_1","2022","4900125.30062629","3078055.65119953","7800777.72553614","15.4047713343103","0.237230206497981","index"
"252",NA,NA,NA,NA,NA,NA,NA,NA,NA,NA,NA,NA,NA,NA,NA,NA,NA,"AI","walleye pollock","21740",NA,NA,NA,"total_catch_wt_kg ~ 0 + factor(year)","delta_gamma","TRUE","iid, iid","walleye_pollock","1_1","2024","3007409.06644046","1841412.00531948","4911724.95171121","14.9165894907763","0.250283303755349","index"
